# Blender v2.92.0 OBJ File: 'strike.blend pino model.blend'
# www.blender.org
mtllib Pino de boliche.mtl
o Cube.002_Cube.004
v -0.185098 0.431706 0.190423
v -0.160735 0.943266 0.166059
v -0.185098 0.431706 -0.190423
v -0.160735 0.943266 -0.166059
v 0.195747 0.431706 0.190423
v 0.171383 0.943266 0.166059
v 0.195747 0.431706 -0.190423
v 0.171383 0.943266 -0.166059
v -0.201810 0.595464 0.207134
v -0.196773 0.771156 0.202097
v -0.196773 0.771156 -0.202097
v -0.201810 0.595464 -0.207134
v 0.207421 0.771156 -0.202097
v 0.212458 0.595464 -0.207134
v 0.207421 0.771156 0.202097
v 0.212458 0.595464 0.207134
v -0.147632 0.247761 0.152957
v -0.147632 0.247761 -0.152957
v 0.158281 0.247761 0.152957
v 0.158281 0.247761 -0.152957
v -0.104456 0.082273 0.109781
v -0.104456 0.082273 -0.109781
v 0.115105 0.082273 0.109781
v 0.115105 0.082273 -0.109781
v -0.078096 0.036341 0.083420
v -0.078096 0.036341 -0.083420
v 0.088744 0.036341 0.083420
v 0.088744 0.036341 -0.083420
v -0.052554 0.007355 0.057878
v -0.052554 0.007355 -0.057878
v 0.063203 0.007355 0.057878
v 0.063203 0.007355 -0.057878
v -0.103228 1.144517 0.108553
v -0.103228 1.144517 -0.108553
v 0.113877 1.144517 0.108553
v 0.113877 1.144517 -0.108553
v -0.075318 1.274352 0.080642
v -0.075318 1.274352 -0.080642
v 0.085966 1.274352 0.080642
v 0.085966 1.274352 -0.080642
v -0.069917 1.392418 0.075241
v -0.069917 1.392418 -0.075241
v 0.080565 1.392418 0.075241
v 0.080565 1.392418 -0.075241
v -0.078401 1.514091 0.083726
v -0.078401 1.514091 -0.083725
v 0.089050 1.514091 0.083726
v 0.089050 1.514091 -0.083725
v -0.098991 1.684926 0.104315
v -0.098991 1.684926 -0.104315
v 0.109640 1.684926 0.104315
v 0.109640 1.684926 -0.104315
v -0.106179 1.798057 0.111504
v -0.106179 1.798057 -0.111504
v 0.116828 1.798057 0.111504
v 0.116828 1.798057 -0.111504
v -0.091360 1.879298 0.096685
v -0.091360 1.879298 -0.096684
v 0.102009 1.879298 0.096685
v 0.102009 1.879298 -0.096684
v -0.060886 1.934155 0.066210
v -0.060886 1.934156 -0.066210
v 0.071535 1.934156 0.066210
v 0.071535 1.934156 -0.066210
v -0.022970 1.961015 0.028295
v -0.022970 1.961015 -0.028294
v 0.033619 1.961015 0.028295
v 0.033619 1.961015 -0.028294
v -0.073303 0.016659 0.078628
v 0.083952 0.016659 0.078628
v 0.083952 0.016659 -0.078628
v -0.073303 0.016659 -0.078628
v -0.086926 0.045260 -0.092250
v -0.086926 0.045260 0.092250
v 0.097574 0.045260 0.092250
v 0.097574 0.045260 -0.092250
v -0.238655 0.431706 -0.104137
v -0.256507 0.431706 0.000000
v -0.238655 0.431706 0.104138
v -0.190970 0.812778 0.196295
v -0.183065 0.854064 0.188390
v -0.173004 0.896923 0.178329
v -0.207439 0.943266 0.090814
v -0.223007 0.943266 0.000000
v -0.207439 0.943266 -0.090813
v -0.199557 0.553973 -0.204881
v -0.196068 0.513601 -0.201392
v -0.191272 0.473221 -0.196597
v 0.109462 0.431706 -0.243979
v 0.005324 0.431706 -0.261831
v -0.098813 0.431706 -0.243979
v -0.085489 0.943266 -0.212763
v 0.005324 0.943266 -0.228331
v 0.096138 0.943266 -0.212763
v 0.210205 0.553973 -0.204881
v 0.206717 0.513601 -0.201392
v 0.201921 0.473221 -0.196597
v 0.249304 0.431706 0.104138
v 0.267156 0.431706 0.000000
v 0.249304 0.431706 -0.104137
v 0.218087 0.943266 -0.090813
v 0.233656 0.943266 0.000000
v 0.218087 0.943266 0.090814
v 0.210205 0.553973 0.204881
v 0.206717 0.513601 0.201392
v 0.201921 0.473221 0.196597
v -0.098813 0.431706 0.243979
v 0.005324 0.431706 0.261831
v 0.109462 0.431706 0.243979
v 0.096138 0.943266 0.212763
v 0.005324 0.943266 0.228331
v -0.085489 0.943266 0.212763
v -0.191272 0.473221 0.196597
v -0.196068 0.513601 0.201392
v -0.199557 0.553973 0.204881
v -0.202850 0.638826 0.208175
v -0.202505 0.683310 0.207830
v -0.200553 0.727795 0.205877
v -0.173004 0.896923 -0.178329
v -0.183065 0.854064 -0.188390
v -0.190970 0.812778 -0.196295
v -0.200553 0.727795 -0.205877
v -0.202505 0.683310 -0.207829
v -0.202850 0.638826 -0.208174
v 0.183653 0.896923 -0.178329
v 0.193714 0.854064 -0.188390
v 0.201619 0.812778 -0.196295
v 0.211202 0.727795 -0.205877
v 0.213154 0.683310 -0.207829
v 0.213499 0.638826 -0.208174
v 0.183653 0.896923 0.178329
v 0.193714 0.854064 0.188390
v 0.201619 0.812778 0.196295
v 0.211202 0.727795 0.205877
v 0.213154 0.683310 0.207829
v 0.213499 0.638826 0.208175
v 0.118601 0.595464 0.265391
v 0.005324 0.595464 0.284809
v -0.107952 0.595464 0.265391
v 0.115846 0.771156 0.258937
v 0.005324 0.771156 0.277883
v -0.105197 0.771156 0.258937
v 0.270715 0.595464 -0.113276
v 0.290134 0.595464 0.000000
v 0.270715 0.595464 0.113277
v 0.264261 0.771156 -0.110522
v 0.283208 0.771156 0.000000
v 0.264261 0.771156 0.110522
v -0.107952 0.595464 -0.265390
v 0.005324 0.595464 -0.284809
v 0.118601 0.595464 -0.265390
v -0.105197 0.771156 -0.258937
v 0.005324 0.771156 -0.277883
v 0.115846 0.771156 -0.258937
v -0.260066 0.595464 0.113277
v -0.279485 0.595464 0.000000
v -0.260066 0.595464 -0.113276
v -0.253612 0.771156 0.110522
v -0.272559 0.771156 0.000000
v -0.253612 0.771156 -0.110522
v -0.190651 0.247761 -0.083648
v -0.204991 0.247761 0.000000
v -0.190651 0.247761 0.083648
v 0.088973 0.247761 -0.195976
v 0.005324 0.247761 -0.210315
v -0.078324 0.247761 -0.195976
v 0.201300 0.247761 0.083648
v 0.215640 0.247761 0.000000
v 0.201300 0.247761 -0.083648
v -0.078324 0.247761 0.195976
v 0.005324 0.247761 0.210316
v 0.088973 0.247761 0.195976
v -0.177513 0.388180 0.182837
v -0.168635 0.342766 0.173959
v -0.158622 0.295835 0.163947
v 0.169271 0.295835 0.163947
v 0.179283 0.342766 0.173959
v 0.188161 0.388180 0.182837
v 0.188161 0.388180 -0.182837
v 0.179283 0.342766 -0.173959
v 0.169271 0.295835 -0.163946
v -0.158622 0.295835 -0.163946
v -0.168635 0.342766 -0.173959
v -0.177513 0.388180 -0.182837
v -0.135332 0.082273 -0.060036
v -0.145624 0.082273 0.000000
v -0.135332 0.082273 0.060036
v 0.065361 0.082273 -0.140656
v 0.005324 0.082273 -0.150948
v -0.054712 0.082273 -0.140656
v 0.145981 0.082273 0.060036
v 0.156273 0.082273 0.000000
v 0.145981 0.082273 -0.060036
v -0.054712 0.082273 0.140657
v 0.005324 0.082273 0.150949
v 0.065361 0.082273 0.140657
v 0.146588 0.199396 0.141263
v 0.134926 0.153521 0.129602
v 0.124148 0.113393 0.118824
v 0.124148 0.113393 -0.118824
v 0.134926 0.153521 -0.129602
v 0.146588 0.199396 -0.141263
v -0.135939 0.199396 -0.141263
v -0.124278 0.153521 -0.129602
v -0.113500 0.113393 -0.118824
v -0.113500 0.113393 0.118824
v -0.124278 0.153521 0.129602
v -0.135939 0.199396 0.141263
v -0.101558 0.036341 -0.045620
v -0.109378 0.036341 0.000000
v -0.101558 0.036341 0.045620
v 0.050945 0.036341 -0.106882
v 0.005324 0.036341 -0.114703
v -0.040296 0.036341 -0.106882
v 0.112206 0.036341 0.045620
v 0.120027 0.036341 0.000000
v 0.112206 0.036341 -0.045620
v -0.040296 0.036341 0.106882
v 0.005324 0.036341 0.114703
v 0.050945 0.036341 0.106882
v -0.084445 0.043917 -0.089770
v -0.082111 0.042171 -0.087435
v -0.079976 0.039740 -0.085301
v -0.089611 0.046952 0.094936
v -0.093013 0.051620 0.098337
v -0.097753 0.062361 0.103078
v 0.100260 0.046952 0.094936
v 0.103661 0.051620 0.098337
v 0.108402 0.062361 0.103078
v 0.095094 0.043917 -0.089770
v 0.092760 0.042171 -0.087435
v 0.090625 0.039740 -0.085301
v -0.060950 0.007043 -0.034330
v -0.065164 0.006886 0.000000
v -0.060950 0.007043 0.034330
v 0.039655 0.007043 -0.066275
v 0.005324 0.006886 -0.070489
v -0.029006 0.007043 -0.066275
v 0.071599 0.007043 0.034330
v 0.075813 0.006886 0.000000
v 0.071599 0.007043 -0.034330
v -0.029006 0.007043 0.066275
v 0.005324 0.006886 0.070489
v 0.039655 0.007043 0.066275
v -0.072249 0.012883 0.077573
v -0.068909 0.010124 0.074234
v -0.061517 0.008303 0.066842
v 0.084790 0.021412 0.079466
v 0.085849 0.026665 0.080525
v 0.087158 0.031836 0.081833
v 0.082897 0.012883 -0.077573
v 0.079558 0.010124 -0.074234
v 0.072166 0.008303 -0.066842
v -0.074142 0.021412 -0.079466
v -0.075200 0.026665 -0.080525
v -0.076509 0.031836 -0.081833
v -0.133759 1.144517 0.059365
v -0.143935 1.144517 0.000000
v -0.133759 1.144517 -0.059365
v -0.054040 1.144517 -0.139083
v 0.005324 1.144517 -0.149260
v 0.064689 1.144517 -0.139083
v 0.144407 1.144517 -0.059365
v 0.154584 1.144517 0.000000
v 0.144407 1.144517 0.059365
v 0.064689 1.144517 0.139083
v 0.005324 1.144517 0.149260
v -0.054040 1.144517 0.139083
v 0.157082 0.994110 -0.151757
v 0.141846 1.046898 -0.136521
v 0.127002 1.098183 -0.121677
v 0.127002 1.098183 0.121677
v 0.141846 1.046898 0.136521
v 0.157082 0.994110 0.151758
v -0.146433 0.994110 0.151758
v -0.131197 1.046898 0.136521
v -0.116353 1.098183 0.121677
v -0.116353 1.098183 -0.121677
v -0.131197 1.046898 -0.136521
v -0.146433 0.994110 -0.151757
v -0.097998 1.274352 0.044101
v -0.105558 1.274352 0.000000
v -0.097998 1.274352 -0.044101
v -0.038777 1.274352 -0.103322
v 0.005324 1.274352 -0.110883
v 0.049425 1.274352 -0.103322
v 0.108647 1.274352 -0.044101
v 0.116207 1.274352 0.000000
v 0.108647 1.274352 0.044101
v 0.049425 1.274352 0.103323
v 0.005324 1.274352 0.110883
v -0.038777 1.274352 0.103322
v 0.103499 1.183435 0.098175
v 0.095700 1.216410 0.090376
v 0.090012 1.245897 0.084687
v -0.079363 1.245897 0.084687
v -0.085051 1.216410 0.090376
v -0.092851 1.183435 0.098175
v -0.092851 1.183435 -0.098175
v -0.085051 1.216410 -0.090376
v -0.079363 1.245897 -0.084687
v 0.090012 1.245897 -0.084687
v 0.095700 1.216410 -0.090376
v 0.103499 1.183435 -0.098175
v -0.091078 1.392418 0.041148
v -0.098132 1.392418 0.000000
v -0.091078 1.392418 -0.041147
v -0.035823 1.392418 -0.096402
v 0.005324 1.392418 -0.103456
v 0.046472 1.392418 -0.096402
v 0.101727 1.392418 -0.041147
v 0.108781 1.392418 0.000000
v 0.101727 1.392418 0.041148
v 0.046472 1.392418 0.096403
v 0.005324 1.392418 0.103456
v -0.035823 1.392418 0.096403
v -0.072505 1.303690 0.077830
v -0.070748 1.333669 0.076072
v -0.069925 1.363506 0.075250
v -0.069925 1.363506 -0.075249
v -0.070748 1.333669 -0.076072
v -0.072505 1.303690 -0.077830
v 0.083154 1.303690 0.077830
v 0.081397 1.333669 0.076072
v 0.080574 1.363506 0.075250
v 0.080574 1.363506 -0.075249
v 0.081397 1.333669 -0.076072
v 0.083154 1.303690 -0.077830
v -0.101949 1.514091 0.045787
v -0.109798 1.514091 0.000000
v -0.101949 1.514091 -0.045787
v -0.040463 1.514091 -0.107273
v 0.005324 1.514091 -0.115122
v 0.051112 1.514091 -0.107273
v 0.112598 1.514091 -0.045787
v 0.120447 1.514091 0.000000
v 0.112598 1.514091 0.045787
v 0.051112 1.514091 0.107273
v 0.005324 1.514091 0.115123
v -0.040463 1.514091 0.107273
v 0.081294 1.420104 0.075970
v 0.082858 1.448200 0.077533
v 0.085396 1.478823 0.080072
v -0.074747 1.478823 0.080072
v -0.072209 1.448200 0.077533
v -0.070646 1.420104 0.075970
v -0.070646 1.420104 -0.075970
v -0.072209 1.448200 -0.077533
v -0.074747 1.478823 -0.080072
v 0.085396 1.478823 -0.080072
v 0.082858 1.448200 -0.077533
v 0.081294 1.420104 -0.075970
v -0.128329 1.684926 0.057047
v -0.138109 1.684926 0.000000
v -0.128329 1.684926 -0.057047
v -0.051723 1.684926 -0.133654
v 0.005324 1.684926 -0.143433
v 0.062372 1.684926 -0.133654
v 0.138978 1.684926 -0.057047
v 0.148758 1.684926 0.000000
v 0.138978 1.684926 0.057047
v 0.062372 1.684926 0.133654
v 0.005324 1.684926 0.143433
v -0.051723 1.684926 0.133654
v 0.093835 1.555198 -0.088510
v 0.099267 1.599651 -0.093943
v 0.104738 1.644032 -0.099414
v 0.104738 1.644032 0.099414
v 0.099267 1.599651 0.093943
v 0.093835 1.555198 0.088511
v -0.083186 1.555198 0.088511
v -0.088618 1.599651 0.093943
v -0.094090 1.644032 0.099414
v -0.094090 1.644032 -0.099414
v -0.088618 1.599651 -0.093943
v -0.083186 1.555198 -0.088510
v -0.137540 1.798057 0.060979
v -0.147993 1.798057 0.000000
v -0.137540 1.798057 -0.060979
v -0.055654 1.798057 -0.142864
v 0.005324 1.798057 -0.153318
v 0.066303 1.798057 -0.142864
v 0.148189 1.798057 -0.060979
v 0.158642 1.798057 0.000000
v 0.148189 1.798057 0.060979
v 0.066303 1.798057 0.142864
v 0.005324 1.798057 0.153318
v -0.055654 1.798057 0.142864
v 0.113447 1.719739 0.108123
v 0.115980 1.749179 0.110655
v 0.117139 1.774774 0.111815
v -0.106490 1.774774 0.111815
v -0.105331 1.749179 0.110655
v -0.102799 1.719739 0.108123
v -0.102799 1.719739 -0.108123
v -0.105331 1.749179 -0.110655
v -0.106490 1.774774 -0.111814
v 0.117139 1.774774 -0.111814
v 0.115980 1.749179 -0.110655
v 0.113447 1.719739 -0.108123
v -0.118553 1.879298 0.052874
v -0.127617 1.879299 0.000000
v -0.118553 1.879298 -0.052874
v -0.047550 1.879298 -0.123877
v 0.005324 1.879299 -0.132941
v 0.058199 1.879298 -0.123877
v 0.129201 1.879298 -0.052874
v 0.138266 1.879299 0.000000
v 0.129201 1.879298 0.052874
v 0.058199 1.879298 0.123877
v 0.005324 1.879299 0.132941
v -0.047550 1.879298 0.123877
v -0.104349 1.820253 -0.109673
v -0.101142 1.841383 -0.106467
v -0.096749 1.861159 -0.102073
v 0.107398 1.861159 -0.102073
v 0.111791 1.841383 -0.106467
v 0.114998 1.820253 -0.109673
v 0.107398 1.861159 0.102074
v 0.111791 1.841383 0.106467
v 0.114998 1.820253 0.109674
v -0.104349 1.820253 0.109674
v -0.101142 1.841383 0.106467
v -0.096749 1.861159 0.102074
v -0.079508 1.934155 0.036209
v -0.085715 1.934156 0.000000
v -0.079508 1.934155 -0.036209
v -0.030884 1.934155 -0.084832
v 0.005324 1.934156 -0.091039
v 0.041533 1.934155 -0.084832
v 0.090156 1.934155 -0.036209
v 0.096364 1.934156 0.000000
v 0.090156 1.934155 0.036209
v 0.041533 1.934156 0.084832
v 0.005324 1.934155 0.091039
v -0.030884 1.934156 0.084832
v 0.095772 1.895584 -0.090447
v 0.088660 1.910072 -0.083335
v 0.080604 1.922888 -0.075279
v 0.080604 1.922888 0.075280
v 0.088660 1.910072 0.083335
v 0.095772 1.895584 0.090447
v -0.085123 1.895584 0.090447
v -0.078011 1.910072 0.083335
v -0.069955 1.922888 0.075280
v -0.069955 1.922888 -0.075279
v -0.078011 1.910072 -0.083335
v -0.085123 1.895584 -0.090447
v -0.025570 1.962136 0.016486
v -0.026756 1.962699 0.000000
v -0.025570 1.962136 -0.016486
v -0.011162 1.962136 -0.030895
v 0.005324 1.962699 -0.032080
v 0.021810 1.962136 -0.030895
v 0.036219 1.962136 -0.016486
v 0.037405 1.962699 0.000000
v 0.036219 1.962136 0.016486
v 0.021810 1.962136 0.030895
v 0.005324 1.962699 0.032080
v -0.011162 1.962136 0.030895
v 0.061516 1.943916 0.056191
v 0.051141 1.951880 0.045816
v 0.041214 1.957707 0.035890
v -0.030565 1.957707 0.035890
v -0.040492 1.951880 0.045816
v -0.050867 1.943916 0.056191
v -0.050867 1.943916 -0.056191
v -0.040492 1.951880 -0.045816
v -0.030565 1.957707 -0.035890
v 0.041214 1.957707 -0.035890
v 0.051141 1.951880 -0.045816
v 0.061516 1.943916 -0.056191
v -0.076509 0.031836 0.081833
v -0.075200 0.026665 0.080525
v -0.074142 0.021412 0.079466
v 0.072166 0.008303 0.066842
v 0.079558 0.010124 0.074234
v 0.082897 0.012883 0.077573
v 0.087158 0.031836 -0.081833
v 0.085849 0.026665 -0.080525
v 0.084790 0.021412 -0.079466
v -0.061517 0.008303 -0.066842
v -0.068909 0.010124 -0.074234
v -0.072249 0.012883 -0.077573
v -0.095417 0.016659 -0.042999
v -0.102789 0.016659 0.000000
v -0.095417 0.016659 0.043000
v 0.106066 0.016659 0.043000
v 0.113438 0.016659 0.000000
v 0.106066 0.016659 -0.042999
v 0.048324 0.016659 -0.100742
v 0.005324 0.016659 -0.108113
v -0.037675 0.016659 -0.100742
v -0.037675 0.016659 0.100742
v 0.005324 0.016659 0.108113
v 0.048324 0.016659 0.100742
v -0.097753 0.062361 -0.103077
v -0.093013 0.051620 -0.098337
v -0.089611 0.046952 -0.094936
v -0.079976 0.039740 0.085301
v -0.082111 0.042171 0.087435
v -0.084445 0.043917 0.089770
v 0.090625 0.039740 0.085301
v 0.092760 0.042171 0.087435
v 0.095094 0.043917 0.089770
v 0.108402 0.062361 -0.103077
v 0.103661 0.051620 -0.098337
v 0.100260 0.046952 -0.094936
v 0.123520 0.045260 0.050449
v 0.132168 0.045260 0.000000
v 0.123520 0.045260 -0.050449
v 0.055774 0.045260 -0.118195
v 0.005324 0.045260 -0.126844
v -0.045125 0.045260 -0.118195
v -0.045125 0.045260 0.118196
v 0.005324 0.045260 0.126844
v 0.055774 0.045260 0.118196
v -0.112871 0.045260 -0.050449
v -0.121520 0.045260 0.000000
v -0.112871 0.045260 0.050449
v -0.246178 0.812778 0.107349
v -0.236050 0.854064 0.103026
v -0.223159 0.896923 0.097524
v -0.264581 0.812778 0.000000
v -0.253711 0.854064 0.000000
v -0.239878 0.896923 0.000000
v -0.246178 0.812778 -0.107349
v -0.236050 0.854064 -0.103025
v -0.223159 0.896923 -0.097523
v -0.102024 0.812778 -0.251503
v -0.097701 0.854064 -0.241374
v -0.092199 0.896923 -0.228484
v 0.005324 0.812778 -0.269905
v 0.005324 0.854064 -0.259036
v 0.005324 0.896923 -0.245202
v 0.112673 0.812778 -0.251503
v 0.108350 0.854064 -0.241374
v 0.102848 0.896923 -0.228484
v 0.256827 0.812778 -0.107349
v 0.246699 0.854064 -0.103025
v 0.233808 0.896923 -0.097523
v 0.275230 0.812778 0.000000
v 0.264360 0.854064 0.000000
v 0.250526 0.896923 0.000000
v 0.256827 0.812778 0.107349
v 0.246699 0.854064 0.103026
v 0.233808 0.896923 0.097524
v 0.112673 0.812778 0.251503
v 0.108350 0.854064 0.241374
v 0.102848 0.896923 0.228484
v 0.005324 0.812778 0.269905
v 0.005324 0.854064 0.259036
v 0.005324 0.896923 0.245202
v -0.102024 0.812778 0.251503
v -0.097701 0.854064 0.241374
v -0.092199 0.896923 0.228484
v 0.105313 0.388180 0.234260
v 0.005324 0.388180 0.251401
v -0.094665 0.388180 0.234260
v 0.100458 0.342766 0.222885
v 0.005324 0.342766 0.239194
v -0.089809 0.342766 0.222885
v 0.094983 0.295835 0.210056
v 0.005324 0.295835 0.225426
v -0.084334 0.295835 0.210056
v 0.199764 0.994110 0.082992
v 0.213991 0.994110 0.000000
v 0.199764 0.994110 -0.082992
v 0.180242 1.046898 0.074660
v 0.193041 1.046898 0.000000
v 0.180242 1.046898 -0.074660
v 0.161224 1.098183 0.066542
v 0.172631 1.098183 0.000000
v 0.161224 1.098183 -0.066542
v 0.112838 0.473221 0.251890
v 0.115461 0.513601 0.258034
v 0.117369 0.553973 0.262504
v 0.005324 0.473221 0.270321
v 0.005324 0.513601 0.276915
v 0.005324 0.553973 0.281711
v -0.102189 0.473221 0.251890
v -0.104812 0.513601 0.258034
v -0.106720 0.553973 0.262504
v 0.119170 0.638826 0.266724
v 0.118981 0.683310 0.266282
v 0.117914 0.727795 0.263781
v 0.005324 0.638826 0.286240
v 0.005324 0.683310 0.285766
v 0.005324 0.727795 0.283082
v -0.108521 0.638826 0.266724
v -0.108332 0.683310 0.266282
v -0.107265 0.727795 0.263781
v 0.257214 0.473221 -0.107514
v 0.263358 0.513601 -0.110136
v 0.267828 0.553973 -0.112044
v 0.275645 0.473221 0.000000
v 0.282239 0.513601 0.000000
v 0.287036 0.553973 0.000000
v 0.257214 0.473221 0.107514
v 0.263358 0.513601 0.110136
v 0.267828 0.553973 0.112044
v 0.272048 0.638826 -0.113845
v 0.271606 0.683310 -0.113657
v 0.269105 0.727795 -0.112589
v 0.291564 0.638826 0.000000
v 0.291090 0.683310 0.000000
v 0.288406 0.727795 0.000000
v 0.272048 0.638826 0.113845
v 0.271606 0.683310 0.113657
v 0.269105 0.727795 0.112589
v -0.102189 0.473221 -0.251889
v -0.104812 0.513601 -0.258034
v -0.106720 0.553973 -0.262504
v 0.005324 0.473221 -0.270320
v 0.005324 0.513601 -0.276914
v 0.005324 0.553973 -0.281711
v 0.112838 0.473221 -0.251889
v 0.115461 0.513601 -0.258034
v 0.117369 0.553973 -0.262504
v -0.108521 0.638826 -0.266723
v -0.108332 0.683310 -0.266281
v -0.107265 0.727795 -0.263780
v 0.005324 0.638826 -0.286240
v 0.005324 0.683310 -0.285765
v 0.005324 0.727795 -0.283081
v 0.119170 0.638826 -0.266723
v 0.118981 0.683310 -0.266281
v 0.117914 0.727795 -0.263780
v -0.246565 0.473221 0.107514
v -0.252710 0.513601 0.110137
v -0.257179 0.553973 0.112044
v -0.264996 0.473221 0.000000
v -0.271590 0.513601 0.000000
v -0.276387 0.553973 0.000000
v -0.246565 0.473221 -0.107514
v -0.252710 0.513601 -0.110136
v -0.257179 0.553973 -0.112044
v -0.261399 0.638826 0.113845
v -0.260957 0.683310 0.113657
v -0.258456 0.727795 0.112589
v -0.280915 0.638826 0.000000
v -0.280441 0.683310 0.000000
v -0.277757 0.727795 0.000000
v -0.261399 0.638826 -0.113845
v -0.260957 0.683310 -0.113657
v -0.258456 0.727795 -0.112589
v 0.186318 0.199396 -0.077253
v 0.199562 0.199396 0.000000
v 0.186318 0.199396 0.077254
v 0.171377 0.153521 -0.070876
v 0.183527 0.153521 0.000000
v 0.171377 0.153521 0.070876
v 0.157568 0.113393 -0.064982
v 0.168707 0.113393 0.000000
v 0.157568 0.113393 0.064982
v -0.094665 0.388180 -0.234260
v 0.005324 0.388180 -0.251401
v 0.105313 0.388180 -0.234260
v -0.089809 0.342766 -0.222885
v 0.005324 0.342766 -0.239194
v 0.100458 0.342766 -0.222885
v -0.084334 0.295835 -0.210056
v 0.005324 0.295835 -0.225426
v 0.094983 0.295835 -0.210056
v -0.228936 0.388180 0.099989
v -0.246077 0.388180 0.000000
v -0.228936 0.388180 -0.099989
v -0.217561 0.342766 0.095134
v -0.233869 0.342766 0.000000
v -0.217561 0.342766 -0.095134
v -0.204732 0.295835 0.089658
v -0.220102 0.295835 0.000000
v -0.204732 0.295835 -0.089658
v 0.239584 0.388180 -0.099989
v 0.256725 0.388180 0.000000
v 0.239584 0.388180 0.099989
v 0.228209 0.342766 -0.095134
v 0.244518 0.342766 0.000000
v 0.228209 0.342766 0.095134
v 0.215381 0.295835 -0.089658
v 0.230751 0.295835 0.000000
v 0.215381 0.295835 0.089658
v -0.109693 0.043917 0.049093
v -0.118109 0.043917 0.000000
v -0.109693 0.043917 -0.049093
v -0.106702 0.042171 0.047816
v -0.114899 0.042171 0.000000
v -0.106702 0.042171 -0.047816
v -0.103967 0.039740 0.046649
v -0.111964 0.039740 0.000000
v -0.103967 0.039740 -0.046649
v -0.175669 0.199396 0.077254
v -0.188913 0.199396 0.000000
v -0.175669 0.199396 -0.077253
v -0.160728 0.153521 0.070876
v -0.172878 0.153521 0.000000
v -0.160728 0.153521 -0.070876
v -0.146919 0.113393 0.064982
v -0.158059 0.113393 0.000000
v -0.146919 0.113393 -0.064982
v 0.082578 0.199396 0.180994
v 0.005324 0.199396 0.194237
v -0.071929 0.199396 0.180994
v 0.076200 0.153521 0.166053
v 0.005324 0.153521 0.178203
v -0.065552 0.153521 0.166053
v 0.070306 0.113393 0.152243
v 0.005324 0.113393 0.163383
v -0.059657 0.113393 0.152243
v -0.071929 0.199396 -0.180994
v 0.005324 0.199396 -0.194237
v 0.082578 0.199396 -0.180994
v -0.065552 0.153521 -0.166053
v 0.005324 0.153521 -0.178203
v 0.076200 0.153521 -0.166053
v -0.059657 0.113393 -0.152243
v 0.005324 0.113393 -0.163383
v 0.070306 0.113393 -0.152243
v 0.047746 0.012880 0.099395
v 0.005324 0.012878 0.106671
v -0.037097 0.012880 0.099395
v 0.045911 0.010101 0.095150
v 0.005324 0.010078 0.102134
v -0.035262 0.010101 0.095150
v 0.042213 0.008217 0.085019
v 0.005324 0.008141 0.091163
v -0.031565 0.008216 0.085019
v 0.054417 0.043917 0.115017
v 0.005324 0.043917 0.123433
v -0.043768 0.043917 0.115017
v 0.053141 0.042171 0.112026
v 0.005324 0.042171 0.120224
v -0.042492 0.042171 0.112026
v 0.051973 0.039740 0.109292
v 0.005324 0.039740 0.117289
v -0.041324 0.039740 0.109292
v -0.043768 0.043917 -0.115017
v 0.005324 0.043917 -0.123433
v 0.054417 0.043917 -0.115017
v -0.042492 0.042171 -0.112026
v 0.005324 0.042171 -0.120223
v 0.053141 0.042171 -0.112026
v -0.041324 0.039740 -0.109292
v 0.005324 0.039740 -0.117289
v 0.051973 0.039740 -0.109292
v 0.120342 0.043917 -0.049093
v 0.128758 0.043917 0.000000
v 0.120342 0.043917 0.049093
v 0.117351 0.042171 -0.047816
v 0.125548 0.042171 0.000000
v 0.117351 0.042171 0.047816
v 0.114616 0.039740 -0.046649
v 0.122613 0.039740 0.000000
v 0.114616 0.039740 0.046649
v -0.031214 0.006376 -0.036538
v 0.005324 0.006150 -0.038483
v 0.041863 0.006376 -0.036538
v -0.033158 0.006150 0.000000
v 0.005324 0.005903 0.000000
v 0.043807 0.006150 0.000000
v -0.031214 0.006376 0.036538
v 0.005324 0.006150 0.038483
v 0.041863 0.006376 0.036538
v -0.037097 0.012880 -0.099395
v 0.005324 0.012878 -0.106671
v 0.047746 0.012880 -0.099395
v -0.035262 0.010101 -0.095150
v 0.005324 0.010078 -0.102134
v 0.045911 0.010101 -0.095150
v -0.031565 0.008217 -0.085019
v 0.005324 0.008141 -0.091163
v 0.042213 0.008216 -0.085019
v 0.104720 0.012880 -0.042421
v 0.111995 0.012878 0.000000
v 0.104720 0.012880 0.042422
v 0.100474 0.010101 -0.040586
v 0.107458 0.010078 0.000000
v 0.100474 0.010101 0.040587
v 0.090344 0.008217 -0.036889
v 0.096487 0.008141 0.000000
v 0.090344 0.008216 0.036889
v -0.094071 0.012880 0.042422
v -0.101346 0.012878 0.000000
v -0.094071 0.012880 -0.042421
v -0.089826 0.010101 0.040587
v -0.096810 0.010078 0.000000
v -0.089826 0.010101 -0.040586
v -0.079695 0.008217 0.036889
v -0.085838 0.008141 0.000000
v -0.079695 0.008216 -0.036889
v -0.048365 1.183435 0.125787
v 0.005324 1.183435 0.134991
v 0.059014 1.183435 0.125787
v -0.044100 1.216410 0.115794
v 0.005324 1.216410 0.124267
v 0.054749 1.216410 0.115794
v -0.040989 1.245897 0.108506
v 0.005324 1.245897 0.116445
v 0.051638 1.245897 0.108506
v -0.189115 0.994110 -0.082992
v -0.203342 0.994110 0.000000
v -0.189115 0.994110 0.082992
v -0.169594 1.046898 -0.074660
v -0.182392 1.046898 0.000000
v -0.169594 1.046898 0.074660
v -0.150575 1.098183 -0.066542
v -0.161982 1.098183 0.000000
v -0.150575 1.098183 0.066542
v -0.077668 0.994110 0.194439
v 0.005324 0.994110 0.208667
v 0.088317 0.994110 0.194439
v -0.069336 1.046898 0.174918
v 0.005324 1.046898 0.187717
v 0.079984 1.046898 0.174918
v -0.061218 1.098183 0.155899
v 0.005324 1.098183 0.167306
v 0.071867 1.098183 0.155899
v 0.088317 0.994110 -0.194439
v 0.005324 0.994110 -0.208666
v -0.077668 0.994110 -0.194439
v 0.079984 1.046898 -0.174918
v 0.005324 1.046898 -0.187717
v -0.069336 1.046898 -0.174918
v 0.071867 1.098183 -0.155899
v 0.005324 1.098183 -0.167306
v -0.061218 1.098183 -0.155899
v -0.094395 1.303690 -0.042563
v -0.101691 1.303690 0.000000
v -0.094395 1.303690 0.042563
v -0.092143 1.333669 -0.041602
v -0.099275 1.333669 0.000000
v -0.092143 1.333669 0.041602
v -0.091089 1.363506 -0.041152
v -0.098144 1.363506 0.000000
v -0.091089 1.363506 0.041152
v 0.059014 1.183435 -0.125787
v 0.005324 1.183435 -0.134990
v -0.048365 1.183435 -0.125787
v 0.054749 1.216410 -0.115794
v 0.005324 1.216410 -0.124267
v -0.044100 1.216410 -0.115794
v 0.051638 1.245897 -0.108506
v 0.005324 1.245897 -0.116445
v -0.040989 1.245897 -0.108506
v 0.131111 1.183435 0.053690
v 0.140315 1.183435 0.000000
v 0.131111 1.183435 -0.053689
v 0.121118 1.216410 0.049424
v 0.129591 1.216410 0.000000
v 0.121118 1.216410 -0.049424
v 0.113830 1.245897 0.046313
v 0.121769 1.245897 0.000000
v 0.113830 1.245897 -0.046313
v -0.120462 1.183435 -0.053689
v -0.129666 1.183435 0.000000
v -0.120462 1.183435 0.053690
v -0.110470 1.216410 -0.049424
v -0.118942 1.216410 0.000000
v -0.110470 1.216410 0.049424
v -0.103181 1.245897 -0.046313
v -0.111121 1.245897 0.000000
v -0.103181 1.245897 0.046313
v -0.036222 1.420105 0.097337
v 0.005324 1.420105 0.104459
v 0.046870 1.420105 0.097337
v -0.037077 1.448200 0.099340
v 0.005324 1.448200 0.106608
v 0.047725 1.448200 0.099340
v -0.038465 1.478823 0.102592
v 0.005324 1.478823 0.110099
v 0.049114 1.478823 0.102592
v -0.037239 1.303690 0.099719
v 0.005324 1.303690 0.107016
v 0.047887 1.303690 0.099719
v -0.036278 1.333669 0.097468
v 0.005324 1.333669 0.104599
v 0.046926 1.333669 0.097468
v -0.035828 1.363506 0.096414
v 0.005324 1.363506 0.103468
v 0.046476 1.363506 0.096414
v 0.047887 1.303690 -0.099719
v 0.005324 1.303690 -0.107016
v -0.037239 1.303690 -0.099719
v 0.046926 1.333669 -0.097467
v 0.005324 1.333669 -0.104599
v -0.036278 1.333669 -0.097467
v 0.046476 1.363506 -0.096413
v 0.005324 1.363506 -0.103468
v -0.035828 1.363506 -0.096413
v 0.105044 1.303690 0.042563
v 0.112340 1.303690 0.000000
v 0.105044 1.303690 -0.042563
v 0.102792 1.333669 0.041602
v 0.109924 1.333669 0.000000
v 0.102792 1.333669 -0.041602
v 0.101738 1.363506 0.041152
v 0.108792 1.363506 0.000000
v 0.101738 1.363506 -0.041152
v 0.118728 1.555198 0.048404
v 0.127026 1.555198 0.000000
v 0.118728 1.555198 -0.048404
v 0.125689 1.599651 0.051375
v 0.134496 1.599651 0.000000
v 0.125689 1.599651 -0.051375
v 0.132698 1.644032 0.054367
v 0.142019 1.644032 0.000000
v 0.132698 1.644032 -0.054367
v 0.046870 1.420105 -0.097336
v 0.005324 1.420105 -0.104459
v -0.036222 1.420105 -0.097336
v 0.047725 1.448200 -0.099339
v 0.005324 1.448200 -0.106608
v -0.037077 1.448200 -0.099339
v 0.049114 1.478823 -0.102592
v 0.005324 1.478823 -0.110098
v -0.038465 1.478823 -0.102592
v 0.102661 1.420105 0.041546
v 0.109783 1.420105 0.000000
v 0.102661 1.420105 -0.041546
v 0.104664 1.448200 0.042401
v 0.111933 1.448200 0.000000
v 0.104664 1.448200 -0.042401
v 0.107916 1.478823 0.043789
v 0.115423 1.478823 0.000000
v 0.107916 1.478823 -0.043789
v -0.092012 1.420105 -0.041546
v -0.099134 1.420105 0.000000
v -0.092012 1.420105 0.041546
v -0.094015 1.448200 -0.042401
v -0.101284 1.448200 0.000000
v -0.094015 1.448200 0.042401
v -0.097267 1.478823 -0.043789
v -0.104774 1.478823 0.000000
v -0.097267 1.478823 0.043789
v -0.053805 1.719739 0.138533
v 0.005324 1.719739 0.148669
v 0.064454 1.719739 0.138533
v -0.055190 1.749179 0.141777
v 0.005324 1.749179 0.152151
v 0.065839 1.749179 0.141777
v -0.055824 1.774775 0.143263
v 0.005324 1.774774 0.153745
v 0.066473 1.774775 0.143263
v -0.108080 1.555198 -0.048404
v -0.116378 1.555198 0.000000
v -0.108080 1.555198 0.048404
v -0.115040 1.599651 -0.051375
v -0.123847 1.599651 0.000000
v -0.115040 1.599651 0.051375
v -0.122050 1.644032 -0.054367
v -0.131370 1.644032 0.000000
v -0.122050 1.644032 0.054367
v -0.043080 1.555198 0.113404
v 0.005324 1.555198 0.121702
v 0.053729 1.555198 0.113404
v -0.046051 1.599651 0.120364
v 0.005324 1.599651 0.129172
v 0.056699 1.599651 0.120364
v -0.049043 1.644032 0.127374
v 0.005324 1.644032 0.136694
v 0.059691 1.644032 0.127374
v 0.053729 1.555198 -0.113404
v 0.005324 1.555198 -0.121702
v -0.043080 1.555198 -0.113404
v 0.056699 1.599651 -0.120364
v 0.005324 1.599651 -0.129171
v -0.046051 1.599651 -0.120364
v 0.059691 1.644032 -0.127374
v 0.005324 1.644032 -0.136694
v -0.049043 1.644032 -0.127374
v 0.065302 1.820253 -0.140519
v 0.005324 1.820253 -0.150801
v -0.054653 1.820253 -0.140519
v 0.063548 1.841382 -0.136410
v 0.005324 1.841382 -0.146392
v -0.052900 1.841382 -0.136410
v 0.061146 1.861159 -0.130781
v 0.005324 1.861159 -0.140351
v -0.050497 1.861159 -0.130781
v 0.064454 1.719739 -0.138533
v 0.005324 1.719739 -0.148669
v -0.053805 1.719739 -0.138533
v 0.065839 1.749179 -0.141777
v 0.005324 1.749179 -0.152151
v -0.055190 1.749179 -0.141777
v 0.066473 1.774775 -0.143262
v 0.005324 1.774774 -0.153745
v -0.055824 1.774775 -0.143262
v 0.143857 1.719739 0.059130
v 0.153994 1.719739 0.000000
v 0.143857 1.719739 -0.059130
v 0.147101 1.749179 0.060515
v 0.157475 1.749179 0.000000
v 0.147101 1.749179 -0.060515
v 0.148587 1.774775 0.061149
v 0.159069 1.774774 0.000000
v 0.148587 1.774775 -0.061148
v -0.133208 1.719739 -0.059130
v -0.143345 1.719739 0.000000
v -0.133208 1.719739 0.059130
v -0.136453 1.749179 -0.060515
v -0.146827 1.749179 0.000000
v -0.136453 1.749179 0.060515
v -0.137938 1.774775 -0.061148
v -0.148421 1.774774 0.000000
v -0.137938 1.774775 0.061149
v 0.121210 1.895584 0.049463
v 0.129689 1.895584 0.000000
v 0.121210 1.895584 -0.049463
v 0.112098 1.910073 0.045574
v 0.119910 1.910072 0.000000
v 0.112098 1.910073 -0.045574
v 0.101776 1.922888 0.041169
v 0.108834 1.922888 0.000000
v 0.101776 1.922888 -0.041168
v 0.145844 1.820253 0.059978
v 0.156126 1.820253 0.000000
v 0.145844 1.820253 -0.059978
v 0.141735 1.841382 0.058224
v 0.151716 1.841382 0.000000
v 0.141735 1.841382 -0.058224
v 0.136106 1.861159 0.055821
v 0.145675 1.861159 0.000000
v 0.136106 1.861159 -0.055821
v -0.135195 1.820253 -0.059978
v -0.145477 1.820253 0.000000
v -0.135195 1.820253 0.059978
v -0.131086 1.841382 -0.058224
v -0.141067 1.841382 0.000000
v -0.131086 1.841382 0.058224
v -0.125457 1.861159 -0.055821
v -0.135027 1.861159 0.000000
v -0.125457 1.861159 0.055821
v -0.054653 1.820253 0.140519
v 0.005324 1.820253 0.150801
v 0.065302 1.820253 0.140519
v -0.052900 1.841382 0.136410
v 0.005324 1.841382 0.146392
v 0.063548 1.841382 0.136410
v -0.050497 1.861159 0.130782
v 0.005324 1.861159 0.140351
v 0.061146 1.861159 0.130782
v -0.025415 1.943927 0.071959
v 0.005324 1.943937 0.077203
v 0.036064 1.943927 0.071959
v -0.019808 1.951963 0.058412
v 0.005324 1.952046 0.062520
v 0.030457 1.951962 0.058412
v -0.014639 1.958017 0.044774
v 0.005324 1.958289 0.047493
v 0.025287 1.958017 0.044774
v -0.110561 1.895584 -0.049463
v -0.119040 1.895584 0.000000
v -0.110561 1.895584 0.049463
v -0.101449 1.910073 -0.045574
v -0.109262 1.910072 0.000000
v -0.101449 1.910073 0.045574
v -0.091127 1.922888 -0.041168
v -0.098185 1.922888 0.000000
v -0.091127 1.922888 0.041169
v -0.044139 1.895584 0.115886
v 0.005324 1.895584 0.124365
v 0.054788 1.895584 0.115886
v -0.040250 1.910073 0.106773
v 0.005324 1.910072 0.114586
v 0.050898 1.910073 0.106773
v -0.035844 1.922888 0.096452
v 0.005324 1.922888 0.103509
v 0.046493 1.922888 0.096452
v 0.054788 1.895584 -0.115885
v 0.005324 1.895584 -0.124365
v -0.044139 1.895584 -0.115885
v 0.050898 1.910073 -0.106773
v 0.005324 1.910072 -0.114586
v -0.040250 1.910073 -0.106773
v 0.046493 1.922888 -0.096452
v 0.005324 1.922888 -0.103509
v -0.035844 1.922888 -0.096452
v 0.021258 1.964535 -0.015934
v 0.005324 1.965348 -0.016181
v -0.010609 1.964535 -0.015934
v 0.021505 1.965348 0.000000
v 0.005324 1.966235 0.000000
v -0.010857 1.965348 0.000000
v 0.021258 1.964535 0.015934
v 0.005324 1.965348 0.016181
v -0.010609 1.964535 0.015934
v 0.036064 1.943927 -0.071959
v 0.005324 1.943937 -0.077203
v -0.025415 1.943927 -0.071959
v 0.030457 1.951963 -0.058412
v 0.005324 1.952046 -0.062519
v -0.019808 1.951962 -0.058412
v 0.025287 1.958017 -0.044773
v 0.005324 1.958289 -0.047492
v -0.014639 1.958017 -0.044773
v 0.077283 1.943927 0.030739
v 0.082527 1.943937 0.000000
v 0.077283 1.943927 -0.030739
v 0.063736 1.951963 0.025133
v 0.067844 1.952046 0.000000
v 0.063736 1.951962 -0.025133
v 0.050098 1.958017 0.019963
v 0.052817 1.958289 0.000000
v 0.050098 1.958017 -0.019963
v -0.066634 1.943927 -0.030739
v -0.071879 1.943937 0.000000
v -0.066634 1.943927 0.030739
v -0.053088 1.951963 -0.025133
v -0.057195 1.952046 0.000000
v -0.053088 1.951962 0.025133
v -0.039449 1.958017 -0.019963
v -0.042168 1.958289 0.000000
v -0.039449 1.958017 0.019963
v -0.099524 0.031836 0.044753
v -0.107196 0.031836 0.000000
v -0.099524 0.031836 -0.044752
v -0.097848 0.026665 0.044037
v -0.105397 0.026665 0.000000
v -0.097848 0.026665 -0.044037
v -0.096492 0.021411 0.043458
v -0.103941 0.021412 0.000000
v -0.096492 0.021412 -0.043458
v 0.110173 0.031836 -0.044752
v 0.117845 0.031836 0.000000
v 0.110173 0.031836 0.044753
v 0.108497 0.026665 -0.044037
v 0.116046 0.026665 0.000000
v 0.108497 0.026665 0.044037
v 0.107140 0.021411 -0.043458
v 0.114590 0.021412 0.000000
v 0.107140 0.021412 0.043458
v -0.039428 0.031836 -0.104849
v 0.005324 0.031836 -0.112521
v 0.050077 0.031836 -0.104849
v -0.038713 0.026665 -0.103172
v 0.005324 0.026665 -0.110722
v 0.049361 0.026665 -0.103172
v -0.038134 0.021411 -0.101816
v 0.005324 0.021412 -0.109266
v 0.048782 0.021412 -0.101816
v 0.050077 0.031836 0.104849
v 0.005324 0.031836 0.112521
v -0.039428 0.031836 0.104849
v 0.049361 0.026665 0.103173
v 0.005324 0.026665 0.110722
v -0.038713 0.026665 0.103173
v 0.048782 0.021411 0.101816
v 0.005324 0.021412 0.109266
v -0.038134 0.021412 0.101816
v 0.137392 0.062361 -0.056370
v 0.147056 0.062362 0.000000
v 0.137393 0.062361 0.056371
v 0.131319 0.051620 -0.053778
v 0.140538 0.051620 0.000000
v 0.131319 0.051620 0.053778
v 0.126961 0.046952 -0.051918
v 0.135861 0.046952 0.000000
v 0.126961 0.046952 0.051918
v -0.051046 0.062361 -0.132068
v 0.005324 0.062362 -0.141732
v 0.061695 0.062361 -0.132068
v -0.048454 0.051620 -0.125994
v 0.005324 0.051620 -0.135213
v 0.059102 0.051620 -0.125994
v -0.046594 0.046952 -0.121636
v 0.005324 0.046952 -0.130537
v 0.057242 0.046952 -0.121636
v 0.061695 0.062361 0.132068
v 0.005324 0.062362 0.141732
v -0.051046 0.062361 0.132068
v 0.059102 0.051620 0.125994
v 0.005324 0.051620 0.135214
v -0.048454 0.051620 0.125994
v 0.057242 0.046952 0.121636
v 0.005324 0.046952 0.130537
v -0.046594 0.046952 0.121636
v -0.126744 0.062361 0.056371
v -0.136407 0.062362 0.000000
v -0.126744 0.062361 -0.056370
v -0.120670 0.051620 0.053778
v -0.129889 0.051620 0.000000
v -0.120670 0.051620 -0.053778
v -0.116312 0.046952 0.051918
v -0.125212 0.046952 0.000000
v -0.116312 0.046952 -0.051918
vt 0.017209 0.410782
vt 0.022239 0.431874
vt 0.013230 0.431816
vt 0.007822 0.410721
vt 0.028672 0.453777
vt 0.020145 0.453722
vt 0.022239 0.431874
vt 0.017209 0.410782
vt 0.028672 0.453777
vt 0.042546 0.389715
vt 0.045368 0.410964
vt 0.013554 0.389528
vt 0.049264 0.432048
vt 0.054255 0.453943
vt 0.060360 0.477621
vt 0.036538 0.477467
vt 0.028598 0.477416
vt 0.036538 0.477467
vt 0.060360 0.477621
vt 0.054255 0.453943
vt 0.049264 0.432048
vt 0.045368 0.410964
vt 0.013554 0.389528
vt 0.042546 0.389715
vt 0.003890 0.389466
vt 0.090736 0.411257
vt 0.092805 0.432330
vt 0.145355 0.432669
vt 0.145491 0.411611
vt 0.095470 0.454209
vt 0.145213 0.454530
vt 0.197904 0.433008
vt 0.200245 0.411964
vt 0.194956 0.454851
vt 0.089255 0.390017
vt 0.098740 0.477869
vt 0.145061 0.478168
vt 0.191381 0.478467
vt 0.229761 0.478715
vt 0.236172 0.455117
vt 0.241445 0.433290
vt 0.245613 0.412257
vt 0.202001 0.390745
vt 0.248710 0.391047
vt 0.145628 0.390381
vt 0.273773 0.412439
vt 0.268470 0.433464
vt 0.277479 0.433522
vt 0.283159 0.412500
vt 0.261754 0.455283
vt 0.270282 0.455338
vt 0.268470 0.433464
vt 0.273773 0.412439
vt 0.261754 0.455283
vt 0.277702 0.391234
vt 0.253583 0.478869
vt 0.261524 0.478920
vt 0.253583 0.478869
vt 0.229761 0.478715
vt 0.236172 0.455117
vt 0.241445 0.433290
vt 0.245613 0.412257
vt 0.277702 0.391234
vt 0.248710 0.391047
vt 0.287365 0.391296
vt 0.200245 0.411964
vt 0.197904 0.433008
vt 0.145355 0.432669
vt 0.145491 0.411611
vt 0.194956 0.454851
vt 0.145213 0.454530
vt 0.092805 0.432330
vt 0.090736 0.411257
vt 0.095470 0.454209
vt 0.202001 0.390745
vt 0.191381 0.478467
vt 0.145061 0.478168
vt 0.098740 0.477869
vt 0.089255 0.390017
vt 0.145628 0.390381
vt 0.197890 0.195369
vt 0.146889 0.195039
vt 0.147039 0.171875
vt 0.195563 0.172188
vt 0.095889 0.194710
vt 0.098515 0.171562
vt 0.147194 0.147937
vt 0.192925 0.148233
vt 0.101462 0.147642
vt 0.243873 0.217867
vt 0.199863 0.217583
vt 0.240148 0.195642
vt 0.146746 0.217240
vt 0.093629 0.216897
vt 0.049618 0.216613
vt 0.053631 0.194437
vt 0.058309 0.171302
vt 0.063571 0.147397
vt 0.069334 0.122913
vt 0.104686 0.123141
vt 0.147352 0.123416
vt 0.190018 0.123692
vt 0.230816 0.148478
vt 0.225370 0.123920
vt 0.235769 0.172448
vt 0.244069 0.504742
vt 0.251326 0.504789
vt 0.240467 0.531645
vt 0.233938 0.531603
vt 0.244069 0.504742
vt 0.233938 0.531603
vt 0.229887 0.557736
vt 0.224069 0.557699
vt 0.224069 0.557699
vt 0.222299 0.504601
vt 0.222299 0.504601
vt 0.214354 0.531476
vt 0.206613 0.557586
vt 0.199766 0.581176
vt 0.215339 0.581277
vt 0.220530 0.581310
vt 0.215339 0.581277
vt 0.206613 0.557586
vt 0.199766 0.581176
vt 0.214354 0.531476
vt 0.201448 0.238769
vt 0.202653 0.259374
vt 0.146476 0.259012
vt 0.146609 0.238415
vt 0.203493 0.279973
vt 0.146343 0.279604
vt 0.090300 0.258649
vt 0.091771 0.238061
vt 0.089194 0.279235
vt 0.246886 0.239063
vt 0.249199 0.259675
vt 0.250845 0.280279
vt 0.251858 0.301449
vt 0.203985 0.301140
vt 0.146207 0.300767
vt 0.088428 0.300394
vt 0.040555 0.300085
vt 0.041841 0.278929
vt 0.043754 0.258348
vt 0.046333 0.237768
vt 0.204132 0.323259
vt 0.203889 0.345949
vt 0.145917 0.345574
vt 0.146064 0.322884
vt 0.203198 0.368635
vt 0.145771 0.368264
vt 0.087945 0.345200
vt 0.087995 0.322509
vt 0.088343 0.367893
vt 0.252246 0.323570
vt 0.251923 0.346259
vt 0.250781 0.368942
vt 0.040760 0.367586
vt 0.039911 0.344889
vt 0.039882 0.322198
vt 0.275089 0.239245
vt 0.278090 0.259862
vt 0.287720 0.259924
vt 0.284490 0.239306
vt 0.280236 0.280469
vt 0.290033 0.280532
vt 0.278090 0.259862
vt 0.275089 0.239245
vt 0.280236 0.280469
vt 0.243873 0.217867
vt 0.246886 0.239063
vt 0.271191 0.218044
vt 0.249199 0.259675
vt 0.250845 0.280279
vt 0.251858 0.301449
vt 0.281572 0.301641
vt 0.291477 0.301705
vt 0.281572 0.301641
vt 0.271191 0.218044
vt 0.280296 0.218103
vt 0.282109 0.323763
vt 0.281737 0.346451
vt 0.291675 0.346515
vt 0.292064 0.323827
vt 0.280315 0.369133
vt 0.290160 0.369196
vt 0.281737 0.346451
vt 0.282109 0.323763
vt 0.280315 0.369133
vt 0.252246 0.323570
vt 0.251923 0.346259
vt 0.250781 0.368942
vt 0.091771 0.238061
vt 0.090300 0.258649
vt 0.146476 0.259011
vt 0.146609 0.238415
vt 0.089194 0.279235
vt 0.146343 0.279604
vt 0.202653 0.259374
vt 0.201448 0.238769
vt 0.203493 0.279973
vt 0.049618 0.216613
vt 0.046333 0.237768
vt 0.093629 0.216897
vt 0.043754 0.258348
vt 0.041841 0.278929
vt 0.040555 0.300085
vt 0.088428 0.300394
vt 0.146207 0.300767
vt 0.203985 0.301140
vt 0.199863 0.217583
vt 0.146746 0.217240
vt 0.087995 0.322509
vt 0.087945 0.345200
vt 0.145917 0.345574
vt 0.146064 0.322884
vt 0.088343 0.367893
vt 0.145771 0.368264
vt 0.203889 0.345949
vt 0.204132 0.323259
vt 0.203198 0.368635
vt 0.039882 0.322198
vt 0.039911 0.344889
vt 0.040760 0.367586
vt 0.018130 0.237585
vt 0.014863 0.258161
vt 0.005232 0.258099
vt 0.008729 0.237525
vt 0.012450 0.278739
vt 0.002653 0.278676
vt 0.014863 0.258161
vt 0.018130 0.237585
vt 0.012450 0.278739
vt 0.022301 0.216436
vt 0.010841 0.299893
vt 0.000936 0.299829
vt 0.010841 0.299893
vt 0.022301 0.216436
vt 0.013196 0.216378
vt 0.010018 0.322006
vt 0.010097 0.344697
vt 0.000159 0.344633
vt 0.000063 0.321941
vt 0.011226 0.367395
vt 0.001381 0.367331
vt 0.010097 0.344697
vt 0.010018 0.322006
vt 0.011226 0.367395
vt 0.239829 0.099344
vt 0.246584 0.099388
vt 0.238557 0.075935
vt 0.232360 0.075895
vt 0.239829 0.099344
vt 0.232360 0.075895
vt 0.231130 0.055419
vt 0.225448 0.055382
vt 0.225448 0.055382
vt 0.225370 0.123920
vt 0.247312 0.124062
vt 0.219564 0.099213
vt 0.254626 0.124109
vt 0.247312 0.124062
vt 0.219564 0.099213
vt 0.213768 0.075775
vt 0.208402 0.055272
vt 0.203892 0.039369
vt 0.219641 0.039471
vt 0.224890 0.039505
vt 0.219641 0.039471
vt 0.208402 0.055272
vt 0.203892 0.039369
vt 0.213768 0.075775
vt 0.095889 0.194710
vt 0.146889 0.195039
vt 0.147039 0.171875
vt 0.098515 0.171562
vt 0.197890 0.195369
vt 0.195563 0.172188
vt 0.147194 0.147937
vt 0.101462 0.147642
vt 0.192925 0.148233
vt 0.053631 0.194437
vt 0.240148 0.195642
vt 0.235769 0.172448
vt 0.230816 0.148477
vt 0.190018 0.123692
vt 0.147352 0.123416
vt 0.104686 0.123141
vt 0.063571 0.147397
vt 0.069334 0.122913
vt 0.058309 0.171302
vt 0.027402 0.194267
vt 0.018659 0.194211
vt 0.025035 0.171087
vt 0.033354 0.171141
vt 0.027402 0.194267
vt 0.033354 0.171141
vt 0.032212 0.147195
vt 0.040052 0.147245
vt 0.040052 0.147245
vt 0.047392 0.122771
vt 0.040078 0.122724
vt 0.047392 0.122771
vt 0.266377 0.195811
vt 0.275120 0.195867
vt 0.269043 0.172663
vt 0.260724 0.172609
vt 0.266377 0.195811
vt 0.260724 0.172609
vt 0.262175 0.148680
vt 0.254335 0.148629
vt 0.254335 0.148629
vt 0.089357 0.019064
vt 0.085065 0.019037
vt 0.086708 0.018157
vt 0.090889 0.018184
vt 0.089357 0.019064
vt 0.090889 0.018184
vt 0.088213 0.016926
vt 0.092292 0.016953
vt 0.092292 0.016953
vt 0.100966 0.019825
vt 0.087732 0.019739
vt 0.102235 0.019148
vt 0.083321 0.019711
vt 0.087732 0.019739
vt 0.100966 0.019825
vt 0.102235 0.019148
vt 0.103432 0.018265
vt 0.104529 0.017032
vt 0.105499 0.015304
vt 0.093532 0.015227
vt 0.089543 0.015201
vt 0.093532 0.015227
vt 0.104529 0.017032
vt 0.105499 0.015304
vt 0.103432 0.018265
vt 0.055193 0.098151
vt 0.048438 0.098108
vt 0.056768 0.074761
vt 0.062965 0.074801
vt 0.055193 0.098151
vt 0.062965 0.074801
vt 0.064459 0.054342
vt 0.070141 0.054379
vt 0.070141 0.054379
vt 0.075458 0.098282
vt 0.075458 0.098282
vt 0.081557 0.074921
vt 0.087187 0.054489
vt 0.091902 0.038646
vt 0.076154 0.038544
vt 0.070904 0.038510
vt 0.076154 0.038544
vt 0.087187 0.054489
vt 0.091902 0.038646
vt 0.081557 0.074921
vt 0.186915 0.099002
vt 0.147511 0.098748
vt 0.147662 0.075348
vt 0.183814 0.075582
vt 0.108107 0.098493
vt 0.111511 0.075115
vt 0.147795 0.054881
vt 0.180939 0.055095
vt 0.114650 0.054667
vt 0.117275 0.038810
vt 0.147897 0.039007
vt 0.178519 0.039205
vt 0.108107 0.098493
vt 0.147511 0.098748
vt 0.147662 0.075348
vt 0.111511 0.075115
vt 0.186915 0.099002
vt 0.183814 0.075582
vt 0.147795 0.054881
vt 0.114650 0.054667
vt 0.180939 0.055095
vt 0.178519 0.039205
vt 0.147897 0.039007
vt 0.117275 0.038810
vt 0.169763 0.003753
vt 0.148126 0.003611
vt 0.148135 0.002183
vt 0.168837 0.002329
vt 0.126488 0.003473
vt 0.127433 0.002061
vt 0.148141 0.001195
vt 0.166957 0.001355
vt 0.129325 0.001112
vt 0.188218 0.005799
vt 0.170046 0.005682
vt 0.187693 0.003870
vt 0.148113 0.005540
vt 0.126181 0.005399
vt 0.108008 0.005281
vt 0.108559 0.003359
vt 0.110271 0.001962
vt 0.114047 0.001058
vt 0.118622 0.000604
vt 0.130634 0.000522
vt 0.148146 0.000555
vt 0.165656 0.000748
vt 0.182234 0.001498
vt 0.177666 0.000985
vt 0.185999 0.002451
vt 0.173064 0.019605
vt 0.148024 0.019443
vt 0.148029 0.018553
vt 0.172419 0.018710
vt 0.122983 0.019282
vt 0.123640 0.018395
vt 0.148037 0.017313
vt 0.171831 0.017466
vt 0.124243 0.017159
vt 0.195072 0.020432
vt 0.173751 0.020295
vt 0.193812 0.019739
vt 0.148019 0.020129
vt 0.122287 0.019962
vt 0.124779 0.015429
vt 0.148049 0.015579
vt 0.171318 0.015729
vt 0.191546 0.017594
vt 0.190598 0.015854
vt 0.192627 0.018841
vt 0.122983 0.019282
vt 0.148024 0.019443
vt 0.148029 0.018553
vt 0.123640 0.018395
vt 0.173064 0.019605
vt 0.172419 0.018710
vt 0.148037 0.017313
vt 0.124243 0.017159
vt 0.171831 0.017466
vt 0.122287 0.019962
vt 0.148019 0.020129
vt 0.173751 0.020295
vt 0.195072 0.020432
vt 0.193812 0.019739
vt 0.192627 0.018841
vt 0.191546 0.017594
vt 0.190598 0.015854
vt 0.171318 0.015729
vt 0.148049 0.015579
vt 0.124779 0.015429
vt 0.206690 0.019822
vt 0.210982 0.019850
vt 0.209351 0.018949
vt 0.205170 0.018922
vt 0.206690 0.019822
vt 0.205170 0.018922
vt 0.207862 0.017699
vt 0.203783 0.017673
vt 0.203783 0.017673
vt 0.208306 0.020518
vt 0.212717 0.020546
vt 0.208306 0.020518
vt 0.202565 0.015931
vt 0.206554 0.015957
vt 0.202565 0.015931
vt 0.129510 0.000175
vt 0.148148 0.000180
vt 0.148149 0.000054
vt 0.128519 0.000053
vt 0.166784 0.000415
vt 0.167776 0.000307
vt 0.148148 0.000180
vt 0.129510 0.000175
vt 0.166784 0.000415
vt 0.118622 0.000604
vt 0.130634 0.000522
vt 0.114341 0.000417
vt 0.148146 0.000555
vt 0.165656 0.000748
vt 0.177666 0.000985
vt 0.181949 0.000854
vt 0.184099 0.000788
vt 0.181949 0.000854
vt 0.114341 0.000417
vt 0.112192 0.000323
vt 0.126488 0.003473
vt 0.148126 0.003611
vt 0.148135 0.002183
vt 0.127433 0.002061
vt 0.169763 0.003753
vt 0.168837 0.002329
vt 0.148141 0.001195
vt 0.129325 0.001112
vt 0.166957 0.001355
vt 0.108008 0.005281
vt 0.126181 0.005399
vt 0.108559 0.003359
vt 0.148113 0.005540
vt 0.170046 0.005682
vt 0.188218 0.005799
vt 0.187693 0.003870
vt 0.185999 0.002451
vt 0.182234 0.001498
vt 0.114047 0.001058
vt 0.110271 0.001962
vt 0.198824 0.003940
vt 0.202535 0.003963
vt 0.200230 0.002520
vt 0.196667 0.002508
vt 0.198824 0.003940
vt 0.196667 0.002508
vt 0.194640 0.001496
vt 0.191506 0.001514
vt 0.191506 0.001514
vt 0.199498 0.005872
vt 0.203258 0.005896
vt 0.199498 0.005872
vt 0.097428 0.003285
vt 0.093717 0.003260
vt 0.096040 0.001847
vt 0.099602 0.001882
vt 0.097428 0.003285
vt 0.099602 0.001882
vt 0.101643 0.000895
vt 0.104776 0.000954
vt 0.104776 0.000954
vt 0.096729 0.005208
vt 0.092969 0.005184
vt 0.096729 0.005208
vt 0.116885 0.600492
vt 0.144270 0.600669
vt 0.144161 0.617488
vt 0.118951 0.617325
vt 0.171655 0.600846
vt 0.169370 0.617651
vt 0.144064 0.632528
vt 0.120441 0.632376
vt 0.167686 0.632681
vt 0.089029 0.580461
vt 0.114118 0.580623
vt 0.094194 0.600346
vt 0.144398 0.580818
vt 0.174677 0.581014
vt 0.194345 0.600993
vt 0.190258 0.617786
vt 0.187260 0.632807
vt 0.185102 0.647308
vt 0.166464 0.647187
vt 0.143970 0.647042
vt 0.121476 0.646897
vt 0.100868 0.632249
vt 0.102838 0.646776
vt 0.098064 0.617190
vt 0.045717 0.503461
vt 0.038460 0.503414
vt 0.048972 0.530408
vt 0.055500 0.530450
vt 0.045717 0.503461
vt 0.055500 0.530450
vt 0.059214 0.556634
vt 0.065032 0.556671
vt 0.065032 0.556671
vt 0.067487 0.503601
vt 0.067487 0.503601
vt 0.075085 0.530577
vt 0.082487 0.556784
vt 0.073457 0.580360
vt 0.068266 0.580327
vt 0.073457 0.580360
vt 0.082487 0.556784
vt 0.089029 0.580461
vt 0.075085 0.530577
vt 0.102562 0.503828
vt 0.144893 0.504101
vt 0.144719 0.531026
vt 0.106638 0.530780
vt 0.187225 0.504375
vt 0.182801 0.531272
vt 0.144550 0.557185
vt 0.110610 0.556966
vt 0.178491 0.557404
vt 0.187225 0.504375
vt 0.144893 0.504101
vt 0.144719 0.531026
vt 0.182801 0.531272
vt 0.102562 0.503828
vt 0.106638 0.530780
vt 0.144550 0.557185
vt 0.178491 0.557404
vt 0.110610 0.556966
vt 0.114118 0.580623
vt 0.144398 0.580818
vt 0.174677 0.581014
vt 0.093010 0.661678
vt 0.089289 0.661654
vt 0.090422 0.676953
vt 0.094060 0.676977
vt 0.093010 0.661678
vt 0.094060 0.676977
vt 0.090901 0.692176
vt 0.094499 0.692199
vt 0.094499 0.692199
vt 0.102838 0.646776
vt 0.091269 0.646702
vt 0.104175 0.661750
vt 0.087413 0.646677
vt 0.091269 0.646702
vt 0.104175 0.661750
vt 0.104973 0.677047
vt 0.105294 0.692269
vt 0.105203 0.707015
vt 0.094410 0.706946
vt 0.090812 0.706922
vt 0.094410 0.706946
vt 0.105294 0.692269
vt 0.105203 0.707015
vt 0.104973 0.677047
vt 0.171654 0.600846
vt 0.144270 0.600669
vt 0.144161 0.617488
vt 0.169370 0.617651
vt 0.116885 0.600492
vt 0.118951 0.617325
vt 0.144064 0.632528
vt 0.167686 0.632681
vt 0.120441 0.632376
vt 0.194345 0.600993
vt 0.094194 0.600346
vt 0.098064 0.617190
vt 0.100868 0.632249
vt 0.121476 0.646897
vt 0.143970 0.647042
vt 0.166464 0.647187
vt 0.187260 0.632807
vt 0.185102 0.647308
vt 0.190258 0.617786
vt 0.208429 0.601083
vt 0.213123 0.601114
vt 0.207545 0.617898
vt 0.203223 0.617870
vt 0.208429 0.601083
vt 0.203223 0.617870
vt 0.203458 0.632912
vt 0.199408 0.632886
vt 0.199408 0.632886
vt 0.196671 0.647382
vt 0.200527 0.647407
vt 0.196671 0.647382
vt 0.080110 0.600255
vt 0.075416 0.600224
vt 0.080777 0.617079
vt 0.085099 0.617107
vt 0.080110 0.600255
vt 0.085099 0.617107
vt 0.084669 0.632145
vt 0.088719 0.632171
vt 0.088719 0.632171
vt 0.122299 0.721248
vt 0.143490 0.721385
vt 0.143397 0.735716
vt 0.121770 0.735576
vt 0.164681 0.721522
vt 0.165024 0.735856
vt 0.143296 0.751335
vt 0.120961 0.751191
vt 0.165632 0.751480
vt 0.122593 0.707128
vt 0.104740 0.721135
vt 0.143581 0.707263
vt 0.164569 0.707399
vt 0.181959 0.707511
vt 0.182239 0.721635
vt 0.182944 0.735971
vt 0.184138 0.751599
vt 0.185886 0.769600
vt 0.166535 0.769475
vt 0.143180 0.769324
vt 0.119826 0.769173
vt 0.102455 0.751072
vt 0.100475 0.769048
vt 0.103850 0.735460
vt 0.122164 0.661866
vt 0.143873 0.662007
vt 0.143775 0.677298
vt 0.122555 0.677161
vt 0.165583 0.662147
vt 0.164994 0.677435
vt 0.143676 0.692517
vt 0.122686 0.692381
vt 0.164666 0.692652
vt 0.183571 0.662263
vt 0.182576 0.677548
vt 0.182058 0.692764
vt 0.165583 0.662147
vt 0.143873 0.662007
vt 0.143775 0.677298
vt 0.164994 0.677435
vt 0.122164 0.661866
vt 0.122555 0.677161
vt 0.143676 0.692517
vt 0.164666 0.692652
vt 0.122686 0.692381
vt 0.183571 0.662263
vt 0.122593 0.707128
vt 0.143581 0.707263
vt 0.164569 0.707399
vt 0.182058 0.692764
vt 0.181959 0.707511
vt 0.182576 0.677548
vt 0.194736 0.662335
vt 0.198458 0.662359
vt 0.197127 0.677642
vt 0.193489 0.677619
vt 0.194736 0.662335
vt 0.193489 0.677619
vt 0.196452 0.692857
vt 0.192853 0.692834
vt 0.192853 0.692834
vt 0.192752 0.707581
vt 0.196350 0.707604
vt 0.192752 0.707581
vt 0.200888 0.790665
vt 0.205120 0.790692
vt 0.208784 0.813391
vt 0.204292 0.813361
vt 0.200888 0.790665
vt 0.204292 0.813361
vt 0.212475 0.836053
vt 0.207721 0.836022
vt 0.207721 0.836022
vt 0.197896 0.769677
vt 0.188191 0.790583
vt 0.201900 0.769703
vt 0.197896 0.769677
vt 0.185886 0.769600
vt 0.188191 0.790583
vt 0.190815 0.813274
vt 0.193460 0.835930
vt 0.195825 0.856804
vt 0.210789 0.856901
vt 0.215777 0.856933
vt 0.210789 0.856901
vt 0.193460 0.835930
vt 0.195825 0.856804
vt 0.190815 0.813274
vt 0.164681 0.721522
vt 0.143490 0.721385
vt 0.143397 0.735716
vt 0.165024 0.735856
vt 0.122299 0.721248
vt 0.121770 0.735576
vt 0.143296 0.751335
vt 0.165632 0.751480
vt 0.120961 0.751191
vt 0.182239 0.721635
vt 0.104740 0.721135
vt 0.103850 0.735460
vt 0.102455 0.751072
vt 0.100475 0.769048
vt 0.119826 0.769173
vt 0.143180 0.769324
vt 0.166535 0.769475
vt 0.184138 0.751599
vt 0.182944 0.735971
vt 0.193138 0.721706
vt 0.196770 0.721729
vt 0.197774 0.736067
vt 0.194067 0.736043
vt 0.193138 0.721706
vt 0.194067 0.736043
vt 0.199454 0.751698
vt 0.195625 0.751673
vt 0.195625 0.751673
vt 0.093842 0.721065
vt 0.090209 0.721041
vt 0.089020 0.735365
vt 0.092728 0.735389
vt 0.093842 0.721065
vt 0.092728 0.735389
vt 0.087139 0.750973
vt 0.090968 0.750997
vt 0.090968 0.750997
vt 0.088464 0.768971
vt 0.084460 0.768945
vt 0.088464 0.768971
vt 0.112343 0.874023
vt 0.142503 0.874218
vt 0.142406 0.889234
vt 0.111540 0.889034
vt 0.172663 0.874413
vt 0.173272 0.889433
vt 0.142321 0.902289
vt 0.111132 0.902088
vt 0.173511 0.902490
vt 0.089410 0.856117
vt 0.113520 0.856273
vt 0.087353 0.873861
vt 0.142617 0.856461
vt 0.171715 0.856649
vt 0.197652 0.874574
vt 0.198847 0.889598
vt 0.199354 0.902657
vt 0.199119 0.914532
vt 0.173348 0.914365
vt 0.142245 0.914165
vt 0.111142 0.913964
vt 0.085289 0.901921
vt 0.085371 0.913797
vt 0.085965 0.888869
vt 0.085202 0.789918
vt 0.080969 0.789890
vt 0.077013 0.812539
vt 0.081505 0.812568
vt 0.085202 0.789918
vt 0.081505 0.812568
vt 0.073030 0.835152
vt 0.077783 0.835183
vt 0.077783 0.835183
vt 0.097899 0.790000
vt 0.097899 0.790000
vt 0.094982 0.812656
vt 0.092045 0.835275
vt 0.074446 0.856020
vt 0.069457 0.855988
vt 0.074446 0.856020
vt 0.092045 0.835275
vt 0.089410 0.856117
vt 0.094982 0.812656
vt 0.118356 0.790132
vt 0.143045 0.790291
vt 0.142898 0.812965
vt 0.116694 0.812796
vt 0.167734 0.790451
vt 0.169103 0.813134
vt 0.142752 0.835602
vt 0.115022 0.835423
vt 0.170483 0.835782
vt 0.167734 0.790451
vt 0.143045 0.790291
vt 0.142898 0.812965
vt 0.169103 0.813134
vt 0.118356 0.790132
vt 0.116694 0.812796
vt 0.142752 0.835602
vt 0.170483 0.835781
vt 0.115022 0.835423
vt 0.113520 0.856273
vt 0.142617 0.856461
vt 0.171715 0.856649
vt 0.172764 0.925684
vt 0.142172 0.925486
vt 0.142102 0.936263
vt 0.171800 0.936455
vt 0.111579 0.925288
vt 0.112404 0.936071
vt 0.142037 0.946351
vt 0.170509 0.946535
vt 0.113564 0.946167
vt 0.199119 0.914532
vt 0.173348 0.914365
vt 0.198112 0.925847
vt 0.142245 0.914165
vt 0.111142 0.913964
vt 0.085371 0.913797
vt 0.086231 0.925125
vt 0.087797 0.935913
vt 0.089973 0.946014
vt 0.092662 0.955284
vt 0.115008 0.955429
vt 0.141977 0.955603
vt 0.168946 0.955777
vt 0.194101 0.946687
vt 0.191292 0.955921
vt 0.196407 0.936614
vt 0.172663 0.874413
vt 0.142503 0.874218
vt 0.142406 0.889234
vt 0.173272 0.889433
vt 0.112343 0.874023
vt 0.111540 0.889034
vt 0.142321 0.902289
vt 0.173511 0.902490
vt 0.111132 0.902088
vt 0.197652 0.874574
vt 0.087353 0.873861
vt 0.085965 0.888869
vt 0.085289 0.901921
vt 0.199354 0.902657
vt 0.198847 0.889598
vt 0.213163 0.874674
vt 0.218333 0.874707
vt 0.220012 0.889735
vt 0.214721 0.889701
vt 0.213163 0.874674
vt 0.214721 0.889701
vt 0.220741 0.902796
vt 0.215394 0.902761
vt 0.215394 0.902761
vt 0.215114 0.914635
vt 0.220446 0.914670
vt 0.215114 0.914635
vt 0.071842 0.873761
vt 0.066672 0.873728
vt 0.064799 0.888732
vt 0.070091 0.888766
vt 0.071842 0.873761
vt 0.070091 0.888766
vt 0.063902 0.901783
vt 0.069249 0.901817
vt 0.069249 0.901817
vt 0.069375 0.913694
vt 0.064043 0.913659
vt 0.069375 0.913694
vt 0.201032 0.964291
vt 0.205357 0.964319
vt 0.200322 0.971677
vt 0.196337 0.971651
vt 0.201032 0.964291
vt 0.196337 0.971651
vt 0.194630 0.978177
vt 0.191030 0.978154
vt 0.191030 0.978154
vt 0.191292 0.955921
vt 0.205162 0.956011
vt 0.188057 0.964207
vt 0.209785 0.956041
vt 0.205162 0.956011
vt 0.188057 0.964207
vt 0.184382 0.971574
vt 0.180231 0.978084
vt 0.175568 0.983801
vt 0.185066 0.983863
vt 0.188232 0.983883
vt 0.185066 0.983863
vt 0.180231 0.978084
vt 0.175568 0.983801
vt 0.184382 0.971574
vt 0.213845 0.925949
vt 0.219090 0.925983
vt 0.216771 0.936746
vt 0.211680 0.936713
vt 0.213845 0.925949
vt 0.211680 0.936713
vt 0.213625 0.946813
vt 0.208744 0.946782
vt 0.208744 0.946782
vt 0.198112 0.925847
vt 0.194101 0.946687
vt 0.196407 0.936614
vt 0.070498 0.925023
vt 0.065254 0.924989
vt 0.067433 0.935781
vt 0.072524 0.935814
vt 0.070498 0.925023
vt 0.072524 0.935814
vt 0.070449 0.945888
vt 0.075330 0.945920
vt 0.075330 0.945920
vt 0.086231 0.925125
vt 0.087797 0.935913
vt 0.089973 0.946014
vt 0.092662 0.955284
vt 0.078792 0.955195
vt 0.074169 0.955165
vt 0.078792 0.955195
vt 0.111579 0.925288
vt 0.142172 0.925486
vt 0.142102 0.936263
vt 0.112404 0.936071
vt 0.172764 0.925684
vt 0.171800 0.936455
vt 0.142037 0.946351
vt 0.113564 0.946167
vt 0.170509 0.946535
vt 0.168946 0.955777
vt 0.141977 0.955603
vt 0.115008 0.955429
vt 0.126085 0.988466
vt 0.141764 0.988573
vt 0.141737 0.992709
vt 0.128918 0.992583
vt 0.157443 0.988668
vt 0.154557 0.992749
vt 0.141717 0.995893
vt 0.131535 0.995689
vt 0.151900 0.995820
vt 0.108025 0.983365
vt 0.123328 0.983464
vt 0.113103 0.988377
vt 0.141796 0.983583
vt 0.160265 0.983703
vt 0.170425 0.988747
vt 0.165107 0.992775
vt 0.160025 0.995714
vt 0.156140 0.997377
vt 0.150113 0.997910
vt 0.141702 0.998143
vt 0.133295 0.997801
vt 0.123413 0.995478
vt 0.127276 0.997190
vt 0.118369 0.992473
vt 0.082815 0.963528
vt 0.078490 0.963500
vt 0.083430 0.970922
vt 0.087415 0.970948
vt 0.082815 0.963528
vt 0.087415 0.970948
vt 0.089037 0.977495
vt 0.092637 0.977519
vt 0.092637 0.977519
vt 0.095790 0.963611
vt 0.095790 0.963611
vt 0.099369 0.971025
vt 0.103436 0.977588
vt 0.098527 0.983304
vt 0.095361 0.983284
vt 0.098527 0.983304
vt 0.103436 0.977588
vt 0.108025 0.983365
vt 0.099369 0.971025
vt 0.116694 0.963747
vt 0.141923 0.963910
vt 0.141876 0.971299
vt 0.118630 0.971150
vt 0.167153 0.964073
vt 0.165121 0.971450
vt 0.141833 0.977836
vt 0.120835 0.977701
vt 0.162832 0.977972
vt 0.167153 0.964073
vt 0.141923 0.963910
vt 0.141876 0.971299
vt 0.165121 0.971450
vt 0.116694 0.963747
vt 0.118630 0.971149
vt 0.141833 0.977836
vt 0.162832 0.977972
vt 0.120835 0.977701
vt 0.123328 0.983464
vt 0.141796 0.983583
vt 0.160265 0.983703
vt 0.149824 0.999132
vt 0.141694 0.999493
vt 0.141691 0.999946
vt 0.149947 0.999547
vt 0.133569 0.999026
vt 0.133440 0.999440
vt 0.141694 0.999493
vt 0.149824 0.999132
vt 0.133569 0.999027
vt 0.156140 0.997377
vt 0.150113 0.997910
vt 0.157462 0.997957
vt 0.141702 0.998142
vt 0.133295 0.997801
vt 0.127276 0.997190
vt 0.125946 0.997753
vt 0.125339 0.998037
vt 0.125946 0.997753
vt 0.157462 0.997957
vt 0.158065 0.998248
vt 0.157443 0.988668
vt 0.141764 0.988573
vt 0.141737 0.992709
vt 0.154557 0.992749
vt 0.126085 0.988466
vt 0.128918 0.992583
vt 0.141717 0.995893
vt 0.151900 0.995820
vt 0.131535 0.995689
vt 0.170425 0.988747
vt 0.113103 0.988377
vt 0.118369 0.992473
vt 0.123413 0.995478
vt 0.160025 0.995714
vt 0.165107 0.992775
vt 0.178468 0.988804
vt 0.181143 0.988827
vt 0.173626 0.992914
vt 0.171531 0.992858
vt 0.178468 0.988804
vt 0.171531 0.992858
vt 0.165941 0.996049
vt 0.164555 0.995902
vt 0.164555 0.995902
vt 0.105061 0.988330
vt 0.102386 0.988318
vt 0.109849 0.992503
vt 0.111944 0.992474
vt 0.105061 0.988330
vt 0.111944 0.992474
vt 0.117493 0.995736
vt 0.118880 0.995607
vt 0.118880 0.995607
vt 0.094584 0.012936
vt 0.090671 0.012911
vt 0.091605 0.010279
vt 0.095456 0.010304
vt 0.094584 0.012936
vt 0.095456 0.010304
vt 0.092365 0.007604
vt 0.096165 0.007629
vt 0.096165 0.007629
vt 0.106323 0.013012
vt 0.106323 0.013012
vt 0.107008 0.010378
vt 0.107565 0.007702
vt 0.107565 0.007702
vt 0.107008 0.010378
vt 0.201543 0.013627
vt 0.205456 0.013652
vt 0.204555 0.011009
vt 0.200705 0.010984
vt 0.201543 0.013627
vt 0.200705 0.010984
vt 0.203830 0.008324
vt 0.200030 0.008300
vt 0.200030 0.008300
vt 0.189803 0.013551
vt 0.189803 0.013551
vt 0.189153 0.010909
vt 0.188630 0.008226
vt 0.188630 0.008226
vt 0.189153 0.010909
vt 0.125237 0.013134
vt 0.148063 0.013281
vt 0.148080 0.010644
vt 0.125619 0.010499
vt 0.170890 0.013429
vt 0.170542 0.010789
vt 0.148098 0.007964
vt 0.125931 0.007821
vt 0.170264 0.008107
vt 0.170890 0.013429
vt 0.148063 0.013281
vt 0.148080 0.010644
vt 0.170542 0.010789
vt 0.125237 0.013134
vt 0.125619 0.010499
vt 0.148098 0.007964
vt 0.170264 0.008107
vt 0.125931 0.007821
vt 0.215326 0.029286
vt 0.220255 0.029318
vt 0.216965 0.023818
vt 0.212263 0.023787
vt 0.215326 0.029286
vt 0.212263 0.023787
vt 0.214595 0.021421
vt 0.210056 0.021392
vt 0.210056 0.021392
vt 0.200539 0.029191
vt 0.200539 0.029191
vt 0.198156 0.023696
vt 0.196437 0.021304
vt 0.196437 0.021304
vt 0.198156 0.023696
vt 0.119210 0.028665
vt 0.147963 0.028851
vt 0.147998 0.023372
vt 0.120568 0.023195
vt 0.176715 0.029037
vt 0.175428 0.023549
vt 0.148014 0.020991
vt 0.121532 0.020820
vt 0.174495 0.021162
vt 0.095387 0.028512
vt 0.099590 0.020679
vt 0.097840 0.023048
vt 0.176715 0.029037
vt 0.147963 0.028851
vt 0.147998 0.023372
vt 0.175428 0.023550
vt 0.119210 0.028665
vt 0.120568 0.023195
vt 0.148014 0.020991
vt 0.174495 0.021162
vt 0.121532 0.020820
vt 0.095387 0.028512
vt 0.097840 0.023048
vt 0.099590 0.020679
vt 0.080600 0.028416
vt 0.075671 0.028384
vt 0.079031 0.022927
vt 0.083733 0.022957
vt 0.080600 0.028416
vt 0.083733 0.022957
vt 0.081432 0.020561
vt 0.085971 0.020591
vt 0.085971 0.020591
vn -0.9113 0.2232 0.3458
vn -0.8967 0.2832 0.3402
vn -0.9599 0.2802 0.0000
vn -0.9753 0.2207 0.0000
vn -0.8834 0.3275 0.3351
vn -0.9460 0.3240 0.0000
vn -0.8967 0.2832 -0.3402
vn -0.9113 0.2232 -0.3458
vn -0.8834 0.3275 -0.3351
vn -0.6983 0.1572 0.6983
vn -0.6887 0.2264 0.6887
vn -0.9236 0.1549 0.3506
vn -0.6773 0.2872 0.6773
vn -0.6670 0.3320 0.6670
vn -0.6598 0.3597 0.6598
vn -0.8742 0.3548 0.3315
vn -0.9363 0.3511 0.0000
vn -0.8742 0.3548 -0.3315
vn -0.6598 0.3597 -0.6598
vn -0.6670 0.3320 -0.6670
vn -0.6773 0.2872 -0.6773
vn -0.6887 0.2264 -0.6887
vn -0.9236 0.1549 -0.3506
vn -0.6983 0.1572 -0.6983
vn -0.9882 0.1531 0.0000
vn -0.3458 0.2232 -0.9113
vn -0.3402 0.2832 -0.8967
vn 0.0000 0.2802 -0.9599
vn 0.0000 0.2207 -0.9753
vn -0.3351 0.3275 -0.8834
vn 0.0000 0.3240 -0.9460
vn 0.3402 0.2832 -0.8967
vn 0.3458 0.2232 -0.9113
vn 0.3351 0.3275 -0.8834
vn -0.3506 0.1549 -0.9236
vn -0.3315 0.3548 -0.8742
vn 0.0000 0.3511 -0.9363
vn 0.3315 0.3548 -0.8742
vn 0.6598 0.3597 -0.6598
vn 0.6670 0.3320 -0.6670
vn 0.6773 0.2872 -0.6773
vn 0.6887 0.2264 -0.6887
vn 0.3506 0.1549 -0.9236
vn 0.6983 0.1572 -0.6983
vn 0.0000 0.1531 -0.9882
vn 0.9113 0.2232 -0.3458
vn 0.8967 0.2832 -0.3402
vn 0.9599 0.2802 0.0000
vn 0.9753 0.2207 0.0000
vn 0.8834 0.3275 -0.3351
vn 0.9460 0.3240 0.0000
vn 0.8967 0.2832 0.3402
vn 0.9113 0.2232 0.3458
vn 0.8834 0.3275 0.3351
vn 0.9236 0.1549 -0.3506
vn 0.8742 0.3548 -0.3315
vn 0.9363 0.3511 0.0000
vn 0.8742 0.3548 0.3315
vn 0.6598 0.3597 0.6598
vn 0.6670 0.3320 0.6670
vn 0.6773 0.2872 0.6773
vn 0.6887 0.2264 0.6887
vn 0.9236 0.1549 0.3506
vn 0.6983 0.1572 0.6983
vn 0.9882 0.1531 0.0000
vn 0.3458 0.2232 0.9113
vn 0.3402 0.2832 0.8967
vn 0.0000 0.2802 0.9599
vn 0.0000 0.2207 0.9753
vn 0.3351 0.3275 0.8834
vn 0.0000 0.3240 0.9460
vn -0.3402 0.2832 0.8967
vn -0.3458 0.2232 0.9113
vn -0.3351 0.3275 0.8834
vn 0.3506 0.1549 0.9236
vn 0.3315 0.3548 0.8742
vn 0.0000 0.3511 0.9363
vn -0.3315 0.3548 0.8742
vn -0.3506 0.1549 0.9236
vn 0.0000 0.1531 0.9882
vn 0.3435 -0.2488 0.9056
vn 0.0000 -0.2460 0.9693
vn 0.0000 -0.2702 0.9628
vn 0.3412 -0.2733 0.8994
vn -0.3435 -0.2488 0.9056
vn -0.3412 -0.2733 0.8994
vn 0.0000 -0.2904 0.9569
vn 0.3390 -0.2936 0.8938
vn -0.3390 -0.2936 0.8938
vn 0.6894 -0.2221 0.6894
vn 0.3461 -0.2188 0.9123
vn 0.6842 -0.2524 0.6842
vn 0.0000 -0.2163 0.9763
vn -0.3461 -0.2188 0.9123
vn -0.6894 -0.2221 0.6894
vn -0.6842 -0.2524 0.6842
vn -0.6794 -0.2772 0.6794
vn -0.6750 -0.2978 0.6750
vn -0.6710 -0.3152 0.6710
vn -0.3370 -0.3108 0.8887
vn 0.0000 -0.3074 0.9516
vn 0.3370 -0.3108 0.8887
vn 0.6750 -0.2978 0.6750
vn 0.6710 -0.3152 0.6710
vn 0.6794 -0.2772 0.6794
vn 0.8692 0.3685 0.3296
vn 0.9311 0.3646 0.0000
vn 0.9293 0.3693 0.0000
vn 0.8675 0.3732 0.3289
vn 0.8692 0.3685 -0.3296
vn 0.8675 0.3732 -0.3289
vn 0.9304 0.3665 0.0000
vn 0.8685 0.3704 0.3293
vn 0.8685 0.3704 -0.3293
vn 0.6559 0.3735 0.6559
vn 0.6559 0.3735 -0.6559
vn 0.6545 0.3783 -0.6545
vn 0.6553 0.3755 -0.6553
vn 0.6589 0.3629 -0.6589
vn 0.8731 0.3578 -0.3310
vn 0.9352 0.3540 0.0000
vn 0.8731 0.3578 0.3310
vn 0.6553 0.3755 0.6553
vn 0.6589 0.3629 0.6589
vn 0.6545 0.3783 0.6545
vn 0.3488 -0.1825 0.9192
vn 0.3513 -0.1409 0.9256
vn 0.0000 -0.1393 0.9902
vn 0.0000 -0.1804 0.9836
vn 0.3531 -0.0971 0.9305
vn 0.0000 -0.0960 0.9954
vn -0.3513 -0.1409 0.9256
vn -0.3488 -0.1825 0.9192
vn -0.3531 -0.0971 0.9305
vn 0.6948 -0.1852 0.6948
vn 0.6998 -0.1430 0.6998
vn 0.7036 -0.0986 0.7036
vn 0.7060 -0.0551 0.7060
vn 0.3543 -0.0542 0.9335
vn 0.0000 -0.0536 0.9985
vn -0.3543 -0.0542 0.9335
vn -0.7060 -0.0551 0.7060
vn -0.7036 -0.0986 0.7036
vn -0.6998 -0.1430 0.6998
vn -0.6948 -0.1852 0.6948
vn 0.3548 -0.0113 0.9348
vn 0.3546 0.0358 0.9343
vn 0.0000 0.0353 0.9994
vn 0.0000 -0.0111 0.9999
vn 0.3534 0.0904 0.9311
vn 0.0000 0.0894 0.9960
vn -0.3546 0.0358 0.9343
vn -0.3548 -0.0113 0.9348
vn -0.3534 0.0904 0.9311
vn 0.7071 -0.0114 0.7071
vn 0.7066 0.0363 0.7066
vn 0.7041 0.0918 0.7041
vn -0.7041 0.0918 0.7041
vn -0.7066 0.0363 0.7066
vn -0.7071 -0.0114 0.7071
vn 0.9192 -0.1825 -0.3488
vn 0.9256 -0.1409 -0.3513
vn 0.9902 -0.1393 0.0000
vn 0.9836 -0.1804 0.0000
vn 0.9305 -0.0971 -0.3531
vn 0.9954 -0.0960 0.0000
vn 0.9256 -0.1409 0.3513
vn 0.9192 -0.1825 0.3488
vn 0.9305 -0.0971 0.3531
vn 0.6894 -0.2221 -0.6894
vn 0.6948 -0.1852 -0.6948
vn 0.9123 -0.2188 -0.3461
vn 0.6998 -0.1430 -0.6998
vn 0.7036 -0.0986 -0.7036
vn 0.7060 -0.0551 -0.7060
vn 0.9335 -0.0542 -0.3543
vn 0.9985 -0.0536 0.0000
vn 0.9335 -0.0542 0.3543
vn 0.9123 -0.2188 0.3461
vn 0.9763 -0.2163 0.0000
vn 0.9348 -0.0113 -0.3548
vn 0.9343 0.0358 -0.3546
vn 0.9994 0.0353 0.0000
vn 0.9999 -0.0111 0.0000
vn 0.9311 0.0904 -0.3534
vn 0.9960 0.0894 0.0000
vn 0.9343 0.0358 0.3546
vn 0.9348 -0.0113 0.3548
vn 0.9311 0.0904 0.3534
vn 0.7071 -0.0114 -0.7071
vn 0.7066 0.0363 -0.7066
vn 0.7041 0.0918 -0.7041
vn -0.3488 -0.1825 -0.9192
vn -0.3513 -0.1409 -0.9256
vn 0.0000 -0.1393 -0.9902
vn 0.0000 -0.1804 -0.9836
vn -0.3531 -0.0971 -0.9305
vn 0.0000 -0.0960 -0.9954
vn 0.3513 -0.1409 -0.9256
vn 0.3488 -0.1825 -0.9192
vn 0.3531 -0.0971 -0.9305
vn -0.6894 -0.2221 -0.6894
vn -0.6948 -0.1852 -0.6948
vn -0.3461 -0.2188 -0.9123
vn -0.6998 -0.1430 -0.6998
vn -0.7036 -0.0986 -0.7036
vn -0.7060 -0.0551 -0.7060
vn -0.3543 -0.0542 -0.9335
vn 0.0000 -0.0536 -0.9985
vn 0.3543 -0.0542 -0.9335
vn 0.3461 -0.2188 -0.9123
vn 0.0000 -0.2163 -0.9763
vn -0.3548 -0.0113 -0.9348
vn -0.3546 0.0358 -0.9343
vn 0.0000 0.0353 -0.9994
vn 0.0000 -0.0111 -0.9999
vn -0.3534 0.0904 -0.9311
vn 0.0000 0.0894 -0.9960
vn 0.3546 0.0358 -0.9343
vn 0.3548 -0.0113 -0.9348
vn 0.3534 0.0904 -0.9311
vn -0.7071 -0.0114 -0.7071
vn -0.7066 0.0363 -0.7066
vn -0.7041 0.0918 -0.7041
vn -0.9192 -0.1825 0.3488
vn -0.9256 -0.1409 0.3513
vn -0.9902 -0.1393 0.0000
vn -0.9836 -0.1804 0.0000
vn -0.9305 -0.0971 0.3531
vn -0.9954 -0.0960 0.0000
vn -0.9256 -0.1409 -0.3513
vn -0.9192 -0.1825 -0.3488
vn -0.9305 -0.0971 -0.3531
vn -0.9123 -0.2188 0.3461
vn -0.9335 -0.0542 0.3543
vn -0.9985 -0.0536 0.0000
vn -0.9335 -0.0542 -0.3543
vn -0.9123 -0.2188 -0.3461
vn -0.9763 -0.2163 0.0000
vn -0.9348 -0.0113 0.3548
vn -0.9343 0.0358 0.3546
vn -0.9994 0.0353 0.0000
vn -0.9999 -0.0111 0.0000
vn -0.9311 0.0904 0.3534
vn -0.9960 0.0894 0.0000
vn -0.9343 0.0358 -0.3546
vn -0.9348 -0.0113 -0.3548
vn -0.9311 0.0904 -0.3534
vn 0.8839 -0.3260 -0.3352
vn 0.9466 -0.3225 0.0000
vn 0.9412 -0.3379 0.0000
vn 0.8788 -0.3415 -0.3333
vn 0.8839 -0.3260 0.3352
vn 0.8788 -0.3415 0.3333
vn 0.9336 -0.3583 0.0000
vn 0.8715 -0.3620 -0.3305
vn 0.8715 -0.3620 0.3305
vn 0.6710 -0.3152 -0.6710
vn 0.8887 -0.3108 -0.3370
vn 0.6673 -0.3305 -0.6673
vn 0.9516 -0.3074 0.0000
vn 0.8887 -0.3108 0.3370
vn 0.6673 -0.3305 0.6673
vn 0.6634 -0.3463 0.6634
vn 0.6578 -0.3670 0.6578
vn 0.6469 -0.4037 0.6469
vn 0.8575 -0.3986 0.3252
vn 0.9188 -0.3946 0.0000
vn 0.8575 -0.3986 -0.3252
vn 0.6578 -0.3670 -0.6578
vn 0.6469 -0.4037 -0.6469
vn 0.6634 -0.3463 -0.6634
vn -0.3435 -0.2488 -0.9056
vn 0.0000 -0.2460 -0.9693
vn 0.0000 -0.2702 -0.9628
vn -0.3412 -0.2733 -0.8994
vn 0.3435 -0.2488 -0.9056
vn 0.3412 -0.2733 -0.8994
vn 0.0000 -0.2904 -0.9569
vn -0.3390 -0.2936 -0.8938
vn 0.3390 -0.2936 -0.8938
vn -0.6842 -0.2524 -0.6842
vn 0.6842 -0.2524 -0.6842
vn 0.6794 -0.2772 -0.6794
vn 0.6750 -0.2978 -0.6750
vn 0.3370 -0.3108 -0.8887
vn 0.0000 -0.3074 -0.9516
vn -0.3370 -0.3108 -0.8887
vn -0.6750 -0.2978 -0.6750
vn -0.6710 -0.3152 -0.6710
vn -0.6794 -0.2772 -0.6794
vn -0.9056 -0.2488 0.3435
vn -0.9693 -0.2460 0.0000
vn -0.9628 -0.2702 0.0000
vn -0.8994 -0.2733 0.3412
vn -0.9056 -0.2488 -0.3435
vn -0.8994 -0.2733 -0.3412
vn -0.9569 -0.2904 0.0000
vn -0.8938 -0.2936 0.3390
vn -0.8938 -0.2936 -0.3390
vn -0.8887 -0.3108 -0.3370
vn -0.9516 -0.3074 0.0000
vn -0.8887 -0.3108 0.3370
vn 0.9056 -0.2488 -0.3435
vn 0.9693 -0.2460 0.0000
vn 0.9628 -0.2702 0.0000
vn 0.8994 -0.2733 -0.3412
vn 0.9056 -0.2488 0.3435
vn 0.8994 -0.2733 0.3412
vn 0.9569 -0.2904 0.0000
vn 0.8938 -0.2936 -0.3390
vn 0.8938 -0.2936 0.3390
vn -0.3858 -0.9109 0.1460
vn -0.4174 -0.9087 0.0000
vn -0.5533 -0.8330 0.0000
vn -0.5122 -0.8367 0.1939
vn -0.3858 -0.9109 -0.1460
vn -0.5122 -0.8367 -0.1939
vn -0.7156 -0.6985 0.0000
vn -0.6645 -0.7036 0.2515
vn -0.6645 -0.7036 -0.2515
vn -0.2727 -0.9226 0.2727
vn -0.3652 -0.9206 0.1379
vn -0.2870 -0.9139 0.2870
vn -0.3941 -0.9191 0.0000
vn -0.3652 -0.9206 -0.1379
vn -0.2727 -0.9226 -0.2727
vn -0.2870 -0.9139 -0.2870
vn -0.3818 -0.8416 -0.3818
vn -0.4976 -0.7105 -0.4976
vn -0.5949 -0.5405 -0.5949
vn -0.7910 -0.5334 -0.2995
vn -0.8491 -0.5281 0.0000
vn -0.7910 -0.5334 0.2995
vn -0.4976 -0.7105 0.4976
vn -0.5949 -0.5405 0.5949
vn -0.3818 -0.8416 0.3818
vn -0.8839 -0.3260 0.3352
vn -0.9466 -0.3225 0.0000
vn -0.9412 -0.3379 0.0000
vn -0.8788 -0.3415 0.3333
vn -0.8839 -0.3260 -0.3352
vn -0.8788 -0.3415 -0.3333
vn -0.9336 -0.3583 0.0000
vn -0.8715 -0.3620 0.3305
vn -0.8715 -0.3620 -0.3305
vn -0.6673 -0.3305 0.6673
vn -0.6673 -0.3305 -0.6673
vn -0.6634 -0.3463 -0.6634
vn -0.6578 -0.3670 -0.6578
vn -0.6469 -0.4037 -0.6469
vn -0.8575 -0.3986 -0.3252
vn -0.9188 -0.3946 0.0000
vn -0.8575 -0.3986 0.3252
vn -0.6578 -0.3670 0.6578
vn -0.6469 -0.4037 0.6469
vn -0.6634 -0.3463 0.6634
vn 0.3352 -0.3260 0.8839
vn 0.0000 -0.3225 0.9466
vn 0.0000 -0.3379 0.9412
vn 0.3333 -0.3415 0.8788
vn -0.3352 -0.3260 0.8839
vn -0.3333 -0.3415 0.8788
vn 0.0000 -0.3583 0.9336
vn 0.3305 -0.3620 0.8715
vn -0.3305 -0.3620 0.8715
vn -0.3252 -0.3986 0.8575
vn 0.0000 -0.3946 0.9188
vn 0.3252 -0.3986 0.8575
vn -0.3352 -0.3260 -0.8839
vn 0.0000 -0.3225 -0.9466
vn 0.0000 -0.3379 -0.9412
vn -0.3333 -0.3415 -0.8788
vn 0.3352 -0.3260 -0.8839
vn 0.3333 -0.3415 -0.8788
vn 0.0000 -0.3583 -0.9336
vn -0.3305 -0.3620 -0.8715
vn 0.3305 -0.3620 -0.8715
vn 0.3252 -0.3986 -0.8575
vn 0.0000 -0.3946 -0.9188
vn -0.3252 -0.3986 -0.8575
vn 0.2769 -0.6249 0.7299
vn 0.0000 -0.6222 0.7829
vn 0.0000 -0.9284 0.3716
vn 0.1297 -0.9292 0.3459
vn -0.2769 -0.6249 0.7299
vn -0.1297 -0.9292 0.3459
vn 0.0000 -0.9924 0.1229
vn 0.0448 -0.9921 0.1171
vn -0.0448 -0.9921 0.1171
vn 0.6740 -0.3024 0.6740
vn 0.3388 -0.2983 0.8923
vn 0.5506 -0.6273 0.5506
vn 0.0000 -0.2949 0.9555
vn -0.3388 -0.2983 0.8923
vn -0.6740 -0.3024 0.6740
vn -0.5506 -0.6273 0.5506
vn -0.2597 -0.9301 0.2597
vn -0.0908 -0.9917 0.0908
vn -0.0397 -0.9984 0.0397
vn -0.0200 -0.9988 0.0432
vn 0.0000 -0.9991 0.0433
vn 0.0200 -0.9988 0.0432
vn 0.0908 -0.9917 0.0908
vn 0.0397 -0.9984 0.0397
vn 0.2597 -0.9301 0.2597
vn 0.1460 -0.9109 0.3858
vn 0.0000 -0.9087 0.4174
vn 0.0000 -0.8330 0.5533
vn 0.1939 -0.8367 0.5122
vn -0.1460 -0.9109 0.3858
vn -0.1939 -0.8367 0.5122
vn 0.0000 -0.6985 0.7156
vn 0.2515 -0.7036 0.6645
vn -0.2515 -0.7036 0.6645
vn 0.2727 -0.9226 0.2727
vn 0.1379 -0.9206 0.3652
vn 0.2870 -0.9139 0.2870
vn 0.0000 -0.9191 0.3941
vn -0.1379 -0.9206 0.3652
vn -0.2995 -0.5334 0.7910
vn 0.0000 -0.5281 0.8491
vn 0.2995 -0.5334 0.7910
vn 0.4976 -0.7105 0.4976
vn 0.5949 -0.5405 0.5949
vn 0.3818 -0.8416 0.3818
vn -0.1460 -0.9109 -0.3858
vn 0.0000 -0.9087 -0.4174
vn 0.0000 -0.8330 -0.5533
vn -0.1939 -0.8367 -0.5122
vn 0.1460 -0.9109 -0.3858
vn 0.1939 -0.8367 -0.5122
vn 0.0000 -0.6985 -0.7156
vn -0.2515 -0.7036 -0.6645
vn 0.2515 -0.7036 -0.6645
vn -0.1379 -0.9206 -0.3652
vn 0.0000 -0.9191 -0.3941
vn 0.1379 -0.9206 -0.3652
vn 0.2727 -0.9226 -0.2727
vn 0.2870 -0.9139 -0.2870
vn 0.3818 -0.8416 -0.3818
vn 0.4976 -0.7105 -0.4976
vn 0.5949 -0.5405 -0.5949
vn 0.2995 -0.5334 -0.7910
vn 0.0000 -0.5281 -0.8491
vn -0.2995 -0.5334 -0.7910
vn 0.3858 -0.9109 -0.1460
vn 0.4174 -0.9087 0.0000
vn 0.5533 -0.8330 0.0000
vn 0.5122 -0.8367 -0.1939
vn 0.3858 -0.9109 0.1460
vn 0.5122 -0.8367 0.1939
vn 0.7156 -0.6985 0.0000
vn 0.6645 -0.7036 -0.2515
vn 0.6645 -0.7036 0.2515
vn 0.3652 -0.9206 -0.1379
vn 0.3941 -0.9191 0.0000
vn 0.3652 -0.9206 0.1379
vn 0.7910 -0.5334 0.2995
vn 0.8491 -0.5281 0.0000
vn 0.7910 -0.5334 -0.2995
vn -0.0150 -0.9998 -0.0150
vn 0.0000 -0.9999 -0.0150
vn 0.0000 -1.0000 0.0000
vn -0.0150 -0.9999 0.0000
vn 0.0150 -0.9998 -0.0150
vn 0.0150 -0.9999 0.0000
vn 0.0000 -0.9999 0.0150
vn -0.0150 -0.9998 0.0150
vn 0.0150 -0.9998 0.0150
vn -0.0397 -0.9984 -0.0397
vn -0.0200 -0.9988 -0.0432
vn -0.0432 -0.9988 -0.0200
vn 0.0000 -0.9991 -0.0433
vn 0.0200 -0.9988 -0.0432
vn 0.0397 -0.9984 -0.0397
vn 0.0432 -0.9988 -0.0200
vn 0.0433 -0.9991 0.0000
vn 0.0432 -0.9988 0.0200
vn -0.0432 -0.9988 0.0200
vn -0.0433 -0.9991 0.0000
vn -0.2769 -0.6249 -0.7299
vn 0.0000 -0.6222 -0.7829
vn 0.0000 -0.9284 -0.3716
vn -0.1297 -0.9292 -0.3459
vn 0.2769 -0.6249 -0.7299
vn 0.1297 -0.9292 -0.3459
vn 0.0000 -0.9924 -0.1229
vn -0.0448 -0.9921 -0.1171
vn 0.0448 -0.9921 -0.1171
vn -0.6740 -0.3024 -0.6740
vn -0.3388 -0.2983 -0.8923
vn -0.5506 -0.6273 -0.5506
vn 0.0000 -0.2949 -0.9555
vn 0.3388 -0.2983 -0.8923
vn 0.6740 -0.3024 -0.6740
vn 0.5506 -0.6273 -0.5506
vn 0.2597 -0.9301 -0.2597
vn 0.0908 -0.9917 -0.0908
vn -0.0908 -0.9917 -0.0908
vn -0.2597 -0.9301 -0.2597
vn 0.7299 -0.6249 -0.2769
vn 0.7829 -0.6222 0.0000
vn 0.3716 -0.9284 0.0000
vn 0.3459 -0.9292 -0.1297
vn 0.7299 -0.6249 0.2769
vn 0.3459 -0.9292 0.1297
vn 0.1229 -0.9924 0.0000
vn 0.1171 -0.9921 -0.0448
vn 0.1171 -0.9921 0.0448
vn 0.8923 -0.2983 -0.3388
vn 0.9555 -0.2949 0.0000
vn 0.8923 -0.2983 0.3388
vn -0.7299 -0.6249 0.2769
vn -0.7829 -0.6222 0.0000
vn -0.3716 -0.9284 0.0000
vn -0.3459 -0.9292 0.1297
vn -0.7299 -0.6249 -0.2769
vn -0.3459 -0.9292 -0.1297
vn -0.1229 -0.9924 0.0000
vn -0.1171 -0.9921 0.0448
vn -0.1171 -0.9921 -0.0448
vn -0.8923 -0.2983 0.3388
vn -0.9555 -0.2949 0.0000
vn -0.8923 -0.2983 -0.3388
vn -0.3345 0.3311 0.8823
vn 0.0000 0.3274 0.9449
vn 0.0000 0.2837 0.9589
vn -0.3396 0.2871 0.8957
vn 0.3345 0.3311 0.8823
vn 0.3396 0.2871 0.8957
vn 0.0000 0.2250 0.9743
vn -0.3452 0.2278 0.9105
vn 0.3452 0.2278 0.9105
vn -0.6589 0.3629 0.6589
vn -0.3310 0.3578 0.8731
vn -0.6660 0.3359 0.6660
vn 0.0000 0.3540 0.9352
vn 0.3310 0.3578 0.8731
vn 0.6660 0.3359 0.6660
vn 0.6764 0.2915 0.6764
vn 0.6879 0.2314 0.6879
vn 0.6972 0.1665 0.6972
vn 0.3497 0.1639 0.9224
vn 0.0000 0.1619 0.9868
vn -0.3497 0.1639 0.9224
vn -0.6879 0.2314 0.6879
vn -0.6972 0.1665 0.6972
vn -0.6764 0.2915 0.6764
vn -0.8692 0.3685 -0.3296
vn -0.9311 0.3646 0.0000
vn -0.9293 0.3693 0.0000
vn -0.8675 0.3732 -0.3289
vn -0.8692 0.3685 0.3296
vn -0.8675 0.3732 0.3289
vn -0.9304 0.3665 0.0000
vn -0.8685 0.3704 -0.3293
vn -0.8685 0.3704 0.3293
vn -0.6559 0.3735 -0.6559
vn -0.6559 0.3735 0.6559
vn -0.6545 0.3783 0.6545
vn -0.6553 0.3755 0.6553
vn -0.8731 0.3578 0.3310
vn -0.9352 0.3540 0.0000
vn -0.8731 0.3578 -0.3310
vn -0.6553 0.3755 -0.6553
vn -0.6589 0.3629 -0.6589
vn -0.6545 0.3783 -0.6545
vn -0.3296 0.3685 0.8692
vn 0.0000 0.3646 0.9311
vn 0.0000 0.3693 0.9293
vn -0.3289 0.3732 0.8675
vn 0.3296 0.3685 0.8692
vn 0.3289 0.3732 0.8675
vn 0.0000 0.3665 0.9304
vn -0.3293 0.3704 0.8685
vn 0.3293 0.3704 0.8685
vn 0.3296 0.3685 -0.8692
vn 0.0000 0.3646 -0.9311
vn 0.0000 0.3693 -0.9293
vn 0.3289 0.3732 -0.8675
vn -0.3296 0.3685 -0.8692
vn -0.3289 0.3732 -0.8675
vn 0.0000 0.3665 -0.9304
vn 0.3293 0.3704 -0.8685
vn -0.3293 0.3704 -0.8685
vn -0.3310 0.3578 -0.8731
vn 0.0000 0.3540 -0.9352
vn 0.3310 0.3578 -0.8731
vn -0.9296 0.1072 -0.3525
vn -0.9944 0.1058 0.0000
vn -0.9982 0.0592 0.0000
vn -0.9333 0.0600 -0.3540
vn -0.9296 0.1072 0.3525
vn -0.9333 0.0600 0.3540
vn -0.9998 0.0192 0.0000
vn -0.9348 0.0194 -0.3546
vn -0.9348 0.0194 0.3546
vn -0.6972 0.1665 -0.6972
vn -0.9224 0.1639 -0.3497
vn -0.7029 0.1089 -0.7029
vn -0.9868 0.1619 0.0000
vn -0.9224 0.1639 0.3497
vn -0.7029 0.1089 0.7029
vn -0.7058 0.0610 0.7058
vn -0.7070 0.0197 0.7070
vn -0.7070 -0.0184 0.7070
vn -0.9348 -0.0181 0.3546
vn -0.9998 -0.0179 0.0000
vn -0.9348 -0.0181 -0.3546
vn -0.7070 0.0197 -0.7070
vn -0.7070 -0.0184 -0.7070
vn -0.7058 0.0610 -0.7058
vn 0.3345 0.3311 -0.8823
vn 0.0000 0.3274 -0.9449
vn 0.0000 0.2837 -0.9589
vn 0.3396 0.2871 -0.8957
vn -0.3345 0.3311 -0.8823
vn -0.3396 0.2871 -0.8957
vn 0.0000 0.2250 -0.9743
vn 0.3452 0.2278 -0.9105
vn -0.3452 0.2278 -0.9105
vn 0.6660 0.3359 -0.6660
vn -0.6660 0.3359 -0.6660
vn -0.6764 0.2915 -0.6764
vn -0.6879 0.2314 -0.6879
vn -0.3497 0.1639 -0.9224
vn 0.0000 0.1619 -0.9868
vn 0.3497 0.1639 -0.9224
vn 0.6879 0.2314 -0.6879
vn 0.6972 0.1665 -0.6972
vn 0.6764 0.2915 -0.6764
vn 0.8823 0.3311 0.3345
vn 0.9449 0.3274 0.0000
vn 0.9589 0.2837 0.0000
vn 0.8957 0.2871 0.3396
vn 0.8823 0.3311 -0.3345
vn 0.8957 0.2871 -0.3396
vn 0.9743 0.2250 0.0000
vn 0.9105 0.2278 0.3452
vn 0.9105 0.2278 -0.3452
vn 0.9224 0.1639 -0.3497
vn 0.9868 0.1619 0.0000
vn 0.9224 0.1639 0.3497
vn -0.8823 0.3311 -0.3345
vn -0.9449 0.3274 0.0000
vn -0.9589 0.2837 0.0000
vn -0.8957 0.2871 -0.3396
vn -0.8823 0.3311 0.3345
vn -0.8957 0.2871 0.3396
vn -0.9743 0.2250 0.0000
vn -0.9105 0.2278 -0.3452
vn -0.9105 0.2278 0.3452
vn -0.3540 -0.0571 0.9335
vn 0.0000 -0.0563 0.9984
vn 0.0000 -0.0949 0.9955
vn -0.3530 -0.0961 0.9307
vn 0.3540 -0.0571 0.9335
vn 0.3530 -0.0961 0.9307
vn 0.0000 -0.1273 0.9919
vn -0.3517 -0.1289 0.9272
vn 0.3517 -0.1289 0.9272
vn -0.3546 -0.0181 0.9348
vn -0.7059 -0.0580 0.7059
vn 0.0000 -0.0179 0.9998
vn 0.3546 -0.0181 0.9348
vn 0.7070 -0.0184 0.7070
vn 0.7059 -0.0580 0.7059
vn 0.7037 -0.0977 0.7037
vn 0.7010 -0.1310 0.7010
vn 0.6987 -0.1539 0.6987
vn 0.3506 -0.1515 0.9242
vn 0.0000 -0.1497 0.9887
vn -0.3506 -0.1515 0.9242
vn -0.7010 -0.1310 0.7010
vn -0.6987 -0.1539 0.6987
vn -0.7037 -0.0977 0.7037
vn -0.3525 0.1072 0.9296
vn 0.0000 0.1058 0.9944
vn 0.0000 0.0592 0.9982
vn -0.3540 0.0600 0.9333
vn 0.3525 0.1072 0.9296
vn 0.3540 0.0600 0.9333
vn 0.0000 0.0192 0.9998
vn -0.3546 0.0194 0.9348
vn 0.3546 0.0194 0.9348
vn 0.7029 0.1089 0.7029
vn 0.7058 0.0610 0.7058
vn 0.7070 0.0197 0.7070
vn 0.3525 0.1072 -0.9296
vn 0.0000 0.1058 -0.9944
vn 0.0000 0.0592 -0.9982
vn 0.3540 0.0600 -0.9333
vn -0.3525 0.1072 -0.9296
vn -0.3540 0.0600 -0.9333
vn 0.0000 0.0192 -0.9998
vn 0.3546 0.0194 -0.9348
vn -0.3546 0.0194 -0.9348
vn 0.7029 0.1089 -0.7029
vn -0.3546 -0.0181 -0.9348
vn 0.0000 -0.0179 -0.9998
vn 0.3546 -0.0181 -0.9348
vn 0.7070 0.0197 -0.7070
vn 0.7070 -0.0184 -0.7070
vn 0.7058 0.0610 -0.7058
vn 0.9296 0.1072 0.3525
vn 0.9944 0.1058 0.0000
vn 0.9982 0.0592 0.0000
vn 0.9333 0.0600 0.3540
vn 0.9296 0.1072 -0.3525
vn 0.9333 0.0600 -0.3540
vn 0.9998 0.0192 0.0000
vn 0.9348 0.0194 0.3546
vn 0.9348 0.0194 -0.3546
vn 0.9348 -0.0181 -0.3546
vn 0.9998 -0.0179 0.0000
vn 0.9348 -0.0181 0.3546
vn 0.9223 -0.1639 0.3499
vn 0.9868 -0.1619 0.0000
vn 0.9861 -0.1664 0.0000
vn 0.9216 -0.1684 0.3496
vn 0.9223 -0.1639 -0.3499
vn 0.9216 -0.1684 -0.3496
vn 0.9863 -0.1648 0.0000
vn 0.9219 -0.1668 0.3497
vn 0.9219 -0.1668 -0.3497
vn 0.9242 -0.1515 0.3506
vn 0.6972 -0.1664 0.6972
vn 0.9887 -0.1497 0.0000
vn 0.9242 -0.1515 -0.3506
vn 0.6987 -0.1539 -0.6987
vn 0.6972 -0.1664 -0.6972
vn 0.6967 -0.1710 -0.6967
vn 0.6969 -0.1693 -0.6969
vn 0.6980 -0.1598 -0.6980
vn 0.9233 -0.1574 -0.3503
vn 0.9878 -0.1556 0.0000
vn 0.9233 -0.1574 0.3503
vn 0.6969 -0.1693 0.6969
vn 0.6980 -0.1598 0.6980
vn 0.6967 -0.1710 0.6967
vn 0.3540 -0.0571 -0.9335
vn 0.0000 -0.0563 -0.9984
vn 0.0000 -0.0949 -0.9955
vn 0.3530 -0.0961 -0.9307
vn -0.3540 -0.0571 -0.9335
vn -0.3530 -0.0961 -0.9307
vn 0.0000 -0.1273 -0.9919
vn 0.3517 -0.1289 -0.9272
vn -0.3517 -0.1289 -0.9272
vn 0.7059 -0.0580 -0.7059
vn -0.7059 -0.0580 -0.7059
vn -0.7037 -0.0977 -0.7037
vn -0.7010 -0.1310 -0.7010
vn -0.6987 -0.1539 -0.6987
vn -0.3506 -0.1515 -0.9242
vn 0.0000 -0.1497 -0.9887
vn 0.3506 -0.1515 -0.9242
vn 0.7010 -0.1310 -0.7010
vn 0.7037 -0.0977 -0.7037
vn 0.9335 -0.0571 0.3540
vn 0.9984 -0.0563 0.0000
vn 0.9955 -0.0949 0.0000
vn 0.9307 -0.0961 0.3530
vn 0.9335 -0.0571 -0.3540
vn 0.9307 -0.0961 -0.3530
vn 0.9919 -0.1273 0.0000
vn 0.9272 -0.1289 0.3517
vn 0.9272 -0.1289 -0.3517
vn -0.9335 -0.0571 -0.3540
vn -0.9984 -0.0563 0.0000
vn -0.9955 -0.0949 0.0000
vn -0.9307 -0.0961 -0.3530
vn -0.9335 -0.0571 0.3540
vn -0.9307 -0.0961 0.3530
vn -0.9919 -0.1273 0.0000
vn -0.9272 -0.1289 -0.3517
vn -0.9272 -0.1289 0.3517
vn -0.9242 -0.1515 0.3506
vn -0.9887 -0.1497 0.0000
vn -0.9242 -0.1515 -0.3506
vn -0.3515 -0.1344 0.9265
vn 0.0000 -0.1329 0.9911
vn 0.0000 -0.0896 0.9960
vn -0.3534 -0.0906 0.9311
vn 0.3515 -0.1344 0.9265
vn 0.3534 -0.0906 0.9311
vn 0.0000 -0.0218 0.9998
vn -0.3548 -0.0221 0.9347
vn 0.3548 -0.0221 0.9347
vn -0.6980 -0.1598 0.6980
vn -0.3503 -0.1574 0.9233
vn -0.7005 -0.1365 0.7005
vn 0.0000 -0.1555 0.9878
vn 0.3503 -0.1574 0.9233
vn 0.7005 -0.1365 0.7005
vn 0.7041 -0.0920 0.7041
vn 0.7069 -0.0224 0.7069
vn 0.7055 0.0670 0.7055
vn 0.3542 0.0660 0.9328
vn 0.0000 0.0652 0.9979
vn -0.3542 0.0660 0.9328
vn -0.7069 -0.0224 0.7069
vn -0.7055 0.0670 0.7055
vn -0.7041 -0.0920 0.7041
vn -0.9223 -0.1639 -0.3499
vn -0.9868 -0.1619 0.0000
vn -0.9861 -0.1664 0.0000
vn -0.9216 -0.1684 -0.3496
vn -0.9223 -0.1639 0.3499
vn -0.9216 -0.1684 0.3496
vn -0.9863 -0.1648 0.0000
vn -0.9219 -0.1668 -0.3497
vn -0.9219 -0.1668 0.3497
vn -0.6972 -0.1664 -0.6972
vn -0.6972 -0.1664 0.6972
vn -0.6967 -0.1710 0.6967
vn -0.6969 -0.1693 0.6969
vn -0.9233 -0.1574 0.3503
vn -0.9878 -0.1556 0.0000
vn -0.9233 -0.1574 -0.3503
vn -0.6969 -0.1693 -0.6969
vn -0.6980 -0.1598 -0.6980
vn -0.6967 -0.1710 -0.6967
vn -0.3499 -0.1639 0.9223
vn 0.0000 -0.1619 0.9868
vn 0.0000 -0.1664 0.9861
vn -0.3496 -0.1684 0.9216
vn 0.3499 -0.1639 0.9223
vn 0.3496 -0.1684 0.9216
vn 0.0000 -0.1648 0.9863
vn -0.3497 -0.1668 0.9219
vn 0.3497 -0.1668 0.9219
vn 0.3499 -0.1639 -0.9223
vn 0.0000 -0.1619 -0.9868
vn 0.0000 -0.1664 -0.9861
vn 0.3496 -0.1684 -0.9216
vn -0.3499 -0.1639 -0.9223
vn -0.3496 -0.1684 -0.9216
vn 0.0000 -0.1648 -0.9863
vn 0.3497 -0.1668 -0.9219
vn -0.3497 -0.1668 -0.9219
vn -0.3503 -0.1574 -0.9233
vn 0.0000 -0.1555 -0.9878
vn 0.3503 -0.1574 -0.9233
vn 0.3504 0.1596 -0.9229
vn 0.0000 0.1578 -0.9875
vn 0.0000 0.2473 -0.9689
vn 0.3436 0.2499 -0.9052
vn -0.3504 0.1596 -0.9229
vn -0.3436 0.2499 -0.9052
vn 0.0000 0.3339 -0.9426
vn 0.3339 0.3373 -0.8801
vn -0.3339 0.3373 -0.8801
vn 0.7055 0.0670 -0.7055
vn 0.3542 0.0660 -0.9328
vn 0.6977 0.1619 -0.6978
vn 0.0000 0.0652 -0.9979
vn -0.3542 0.0660 -0.9328
vn -0.7055 0.0670 -0.7055
vn -0.6977 0.1619 -0.6978
vn -0.6840 0.2534 -0.6840
vn -0.6645 0.3417 -0.6645
vn -0.6385 0.4295 -0.6385
vn -0.3211 0.4245 -0.8466
vn 0.0000 0.4205 -0.9073
vn 0.3211 0.4245 -0.8466
vn 0.6645 0.3417 -0.6645
vn 0.6385 0.4295 -0.6385
vn 0.6840 0.2534 -0.6840
vn 0.3515 -0.1344 -0.9265
vn 0.0000 -0.1329 -0.9911
vn 0.0000 -0.0896 -0.9960
vn 0.3534 -0.0906 -0.9311
vn -0.3515 -0.1344 -0.9265
vn -0.3534 -0.0906 -0.9311
vn 0.0000 -0.0218 -0.9998
vn 0.3548 -0.0221 -0.9347
vn -0.3548 -0.0221 -0.9347
vn 0.7005 -0.1365 -0.7005
vn -0.7005 -0.1365 -0.7005
vn -0.7041 -0.0920 -0.7041
vn -0.7069 -0.0224 -0.7069
vn 0.7069 -0.0224 -0.7069
vn 0.7041 -0.0920 -0.7041
vn 0.9265 -0.1344 0.3515
vn 0.9911 -0.1329 0.0000
vn 0.9960 -0.0896 0.0000
vn 0.9311 -0.0906 0.3534
vn 0.9265 -0.1344 -0.3515
vn 0.9311 -0.0906 -0.3534
vn 0.9998 -0.0218 0.0000
vn 0.9347 -0.0221 0.3548
vn 0.9347 -0.0221 -0.3548
vn 0.9328 0.0660 -0.3542
vn 0.9979 0.0652 0.0000
vn 0.9328 0.0660 0.3542
vn -0.9265 -0.1344 -0.3515
vn -0.9911 -0.1329 0.0000
vn -0.9960 -0.0896 0.0000
vn -0.9311 -0.0906 -0.3534
vn -0.9265 -0.1344 0.3515
vn -0.9311 -0.0906 0.3534
vn -0.9998 -0.0218 0.0000
vn -0.9347 -0.0221 -0.3548
vn -0.9347 -0.0221 0.3548
vn -0.9328 0.0660 0.3542
vn -0.9979 0.0652 0.0000
vn -0.9328 0.0660 -0.3542
vn 0.8014 0.5151 0.3038
vn 0.8596 0.5109 0.0000
vn 0.7964 0.6047 0.0000
vn 0.7418 0.6089 0.2810
vn 0.8014 0.5151 -0.3038
vn 0.7418 0.6089 -0.2810
vn 0.7180 0.6959 0.0000
vn 0.6680 0.6998 0.2529
vn 0.6680 0.6998 -0.2529
vn 0.6385 0.4295 0.6385
vn 0.8466 0.4245 0.3211
vn 0.6037 0.5205 0.6037
vn 0.9073 0.4205 0.0000
vn 0.8466 0.4245 -0.3211
vn 0.6037 0.5205 -0.6037
vn 0.5580 0.6142 -0.5580
vn 0.5017 0.7047 -0.5017
vn 0.4383 0.7847 -0.4383
vn 0.5846 0.7806 -0.2210
vn 0.6289 0.7775 0.0000
vn 0.5846 0.7806 0.2210
vn 0.5017 0.7047 0.5017
vn 0.4383 0.7847 0.4383
vn 0.5580 0.6142 0.5580
vn 0.9229 0.1596 0.3504
vn 0.9875 0.1578 0.0000
vn 0.9689 0.2473 0.0000
vn 0.9052 0.2499 0.3436
vn 0.9229 0.1596 -0.3504
vn 0.9052 0.2499 -0.3436
vn 0.9426 0.3339 0.0000
vn 0.8801 0.3373 0.3339
vn 0.8801 0.3373 -0.3339
vn 0.6977 0.1619 0.6978
vn 0.6645 0.3417 0.6645
vn 0.6840 0.2534 0.6840
vn -0.9229 0.1596 -0.3504
vn -0.9875 0.1578 0.0000
vn -0.9689 0.2473 0.0000
vn -0.9052 0.2499 -0.3436
vn -0.9229 0.1596 0.3504
vn -0.9052 0.2499 0.3436
vn -0.9426 0.3339 0.0000
vn -0.8801 0.3373 -0.3339
vn -0.8801 0.3373 0.3339
vn -0.6977 0.1619 0.6978
vn -0.6840 0.2534 0.6840
vn -0.6645 0.3417 0.6645
vn -0.6385 0.4295 0.6385
vn -0.8466 0.4245 0.3211
vn -0.9073 0.4205 0.0000
vn -0.8466 0.4245 -0.3211
vn -0.3504 0.1596 0.9229
vn 0.0000 0.1578 0.9875
vn 0.0000 0.2473 0.9689
vn -0.3436 0.2499 0.9052
vn 0.3504 0.1596 0.9229
vn 0.3436 0.2499 0.9052
vn 0.0000 0.3339 0.9426
vn -0.3339 0.3373 0.8801
vn 0.3339 0.3373 0.8801
vn 0.3211 0.4245 0.8466
vn 0.0000 0.4205 0.9073
vn -0.3211 0.4245 0.8466
vn -0.1879 0.8464 0.4982
vn 0.0000 0.8444 0.5358
vn 0.0000 0.8983 0.4394
vn -0.1540 0.8988 0.4104
vn 0.1879 0.8464 0.4982
vn 0.1540 0.8988 0.4104
vn 0.0000 0.9426 0.3340
vn -0.1189 0.9408 0.3174
vn 0.1189 0.9408 0.3174
vn -0.4383 0.7847 0.4383
vn -0.2210 0.7806 0.5846
vn -0.3734 0.8492 0.3734
vn 0.0000 0.7775 0.6289
vn 0.2210 0.7806 0.5846
vn 0.3734 0.8492 0.3734
vn 0.3084 0.8999 0.3084
vn 0.2424 0.9394 0.2424
vn 0.1829 0.9659 0.1829
vn 0.0955 0.9731 0.2098
vn 0.0000 0.9755 0.2199
vn -0.0955 0.9731 0.2098
vn -0.2424 0.9394 0.2424
vn -0.1829 0.9659 0.1829
vn -0.3084 0.8999 0.3084
vn -0.8014 0.5151 -0.3038
vn -0.8596 0.5109 0.0000
vn -0.7964 0.6047 0.0000
vn -0.7418 0.6089 -0.2810
vn -0.8014 0.5151 0.3038
vn -0.7418 0.6089 0.2810
vn -0.7180 0.6959 0.0000
vn -0.6680 0.6998 -0.2529
vn -0.6680 0.6998 0.2529
vn -0.6037 0.5205 -0.6037
vn -0.6037 0.5205 0.6037
vn -0.5580 0.6142 0.5580
vn -0.5017 0.7047 0.5017
vn -0.5846 0.7806 0.2210
vn -0.6289 0.7775 0.0000
vn -0.5846 0.7806 -0.2210
vn -0.5017 0.7047 -0.5017
vn -0.4383 0.7847 -0.4383
vn -0.5580 0.6142 -0.5580
vn -0.3038 0.5151 0.8014
vn 0.0000 0.5109 0.8596
vn 0.0000 0.6047 0.7964
vn -0.2810 0.6089 0.7418
vn 0.3038 0.5151 0.8014
vn 0.2810 0.6089 0.7418
vn 0.0000 0.6959 0.7181
vn -0.2529 0.6998 0.6680
vn 0.2529 0.6998 0.6680
vn 0.3038 0.5151 -0.8014
vn 0.0000 0.5109 -0.8596
vn 0.0000 0.6047 -0.7964
vn 0.2810 0.6089 -0.7418
vn -0.3038 0.5151 -0.8014
vn -0.2810 0.6089 -0.7418
vn 0.0000 0.6959 -0.7180
vn 0.2529 0.6998 -0.6680
vn -0.2529 0.6998 -0.6680
vn -0.2210 0.7806 -0.5846
vn 0.0000 0.7775 -0.6289
vn 0.2210 0.7806 -0.5846
vn 0.1000 0.9899 -0.1000
vn 0.0000 0.9942 -0.1074
vn 0.0000 1.0000 0.0000
vn 0.1074 0.9942 0.0000
vn -0.1000 0.9899 -0.1000
vn -0.1074 0.9942 0.0000
vn 0.0000 0.9942 0.1074
vn 0.1000 0.9899 0.1000
vn -0.1000 0.9899 0.1000
vn 0.1829 0.9659 -0.1829
vn 0.0955 0.9731 -0.2098
vn 0.2098 0.9731 -0.0955
vn 0.0000 0.9755 -0.2199
vn -0.0955 0.9731 -0.2098
vn -0.1829 0.9659 -0.1829
vn -0.2098 0.9731 -0.0955
vn -0.2199 0.9755 0.0000
vn -0.2098 0.9731 0.0955
vn 0.2098 0.9731 0.0955
vn 0.2199 0.9755 0.0000
vn 0.1879 0.8464 -0.4982
vn 0.0000 0.8444 -0.5358
vn 0.0000 0.8983 -0.4394
vn 0.1540 0.8988 -0.4104
vn -0.1879 0.8464 -0.4982
vn -0.1540 0.8988 -0.4104
vn 0.0000 0.9426 -0.3340
vn 0.1189 0.9408 -0.3173
vn -0.1189 0.9408 -0.3174
vn 0.3734 0.8492 -0.3734
vn -0.3734 0.8492 -0.3734
vn -0.3084 0.8999 -0.3084
vn -0.2424 0.9394 -0.2424
vn 0.2424 0.9394 -0.2424
vn 0.3084 0.8999 -0.3084
vn 0.4982 0.8464 0.1879
vn 0.5358 0.8444 0.0000
vn 0.4394 0.8983 0.0000
vn 0.4104 0.8988 0.1540
vn 0.4982 0.8464 -0.1879
vn 0.4104 0.8988 -0.1540
vn 0.3340 0.9426 0.0000
vn 0.3174 0.9408 0.1189
vn 0.3174 0.9408 -0.1189
vn -0.4982 0.8464 -0.1879
vn -0.5358 0.8444 0.0000
vn -0.4394 0.8983 0.0000
vn -0.4104 0.8988 -0.1540
vn -0.4982 0.8464 0.1879
vn -0.4104 0.8988 0.1540
vn -0.3340 0.9426 0.0000
vn -0.3174 0.9408 -0.1189
vn -0.3174 0.9408 0.1189
vn -0.8613 -0.3894 0.3263
vn -0.9228 -0.3851 0.0000
vn -0.9543 -0.2990 0.0000
vn -0.8913 -0.3024 0.3379
vn -0.8613 -0.3894 -0.3263
vn -0.8913 -0.3024 -0.3379
vn -0.9677 -0.2518 0.0000
vn -0.9041 -0.2548 0.3429
vn -0.9041 -0.2548 -0.3429
vn -0.6495 -0.3952 0.6495
vn -0.6495 -0.3952 -0.6495
vn -0.6729 -0.3070 -0.6729
vn -0.6830 -0.2587 -0.6830
vn -0.6830 -0.2587 0.6830
vn -0.6729 -0.3070 0.6729
vn 0.8613 -0.3894 -0.3263
vn 0.9228 -0.3851 0.0000
vn 0.9543 -0.2990 0.0000
vn 0.8913 -0.3024 -0.3379
vn 0.8613 -0.3894 0.3263
vn 0.8913 -0.3024 0.3379
vn 0.9677 -0.2518 0.0000
vn 0.9041 -0.2548 -0.3429
vn 0.9041 -0.2548 0.3429
vn 0.6495 -0.3952 -0.6495
vn 0.6495 -0.3952 0.6495
vn 0.6729 -0.3070 0.6729
vn 0.6830 -0.2587 0.6830
vn 0.6830 -0.2587 -0.6830
vn 0.6729 -0.3070 -0.6729
vn -0.3263 -0.3894 -0.8613
vn 0.0000 -0.3851 -0.9228
vn 0.0000 -0.2990 -0.9543
vn -0.3379 -0.3024 -0.8913
vn 0.3263 -0.3894 -0.8613
vn 0.3379 -0.3024 -0.8913
vn 0.0000 -0.2518 -0.9677
vn -0.3429 -0.2548 -0.9041
vn 0.3429 -0.2548 -0.9041
vn 0.3263 -0.3894 0.8613
vn 0.0000 -0.3851 0.9228
vn 0.0000 -0.2990 0.9543
vn 0.3379 -0.3024 0.8913
vn -0.3263 -0.3894 0.8613
vn -0.3379 -0.3024 0.8913
vn 0.0000 -0.2518 0.9677
vn 0.3429 -0.2548 0.9041
vn -0.3429 -0.2548 0.9041
vn 0.8244 -0.4718 -0.3126
vn 0.8839 -0.4677 0.0000
vn 0.7912 -0.6115 0.0000
vn 0.7372 -0.6152 -0.2794
vn 0.8244 -0.4718 0.3126
vn 0.7372 -0.6152 0.2794
vn 0.5830 -0.8125 0.0000
vn 0.5429 -0.8144 -0.2051
vn 0.5429 -0.8144 0.2051
vn 0.6215 -0.4770 -0.6215
vn 0.6215 -0.4770 0.6215
vn 0.5549 -0.6197 0.5549
vn 0.4082 -0.8165 0.4082
vn 0.4082 -0.8165 -0.4082
vn 0.5549 -0.6197 -0.5549
vn -0.3126 -0.4718 -0.8244
vn 0.0000 -0.4677 -0.8839
vn 0.0000 -0.6115 -0.7912
vn -0.2794 -0.6152 -0.7372
vn 0.3126 -0.4718 -0.8244
vn 0.2794 -0.6152 -0.7372
vn 0.0000 -0.8125 -0.5830
vn -0.2051 -0.8144 -0.5429
vn 0.2051 -0.8144 -0.5429
vn -0.6215 -0.4770 -0.6215
vn -0.4082 -0.8165 -0.4082
vn -0.5549 -0.6197 -0.5549
vn 0.3126 -0.4718 0.8244
vn 0.0000 -0.4677 0.8839
vn 0.0000 -0.6115 0.7912
vn 0.2794 -0.6152 0.7372
vn -0.3126 -0.4718 0.8244
vn -0.2794 -0.6152 0.7372
vn 0.0000 -0.8125 0.5830
vn 0.2051 -0.8144 0.5429
vn -0.2051 -0.8144 0.5429
vn -0.6215 -0.4770 0.6215
vn -0.5549 -0.6197 0.5549
vn -0.4082 -0.8165 0.4082
vn -0.8244 -0.4718 0.3126
vn -0.8839 -0.4677 0.0000
vn -0.7912 -0.6115 0.0000
vn -0.7372 -0.6152 0.2794
vn -0.8244 -0.4718 -0.3126
vn -0.7372 -0.6152 -0.2794
vn -0.5830 -0.8125 0.0000
vn -0.5429 -0.8144 0.2051
vn -0.5429 -0.8144 -0.2051
usemtl TT_checker_512x512_UV_GRID.002
s 1
f 521/1/1 522/2/2 525/3/3 524/4/4
f 522/2/2 523/5/5 526/6/6 525/3/3
f 524/4/4 525/3/3 528/7/7 527/8/8
f 525/3/3 526/6/6 529/9/9 528/7/7
f 10/10/10 80/11/11 521/1/1 158/12/12
f 80/11/11 81/13/13 522/2/2 521/1/1
f 81/13/13 82/14/14 523/5/5 522/2/2
f 82/14/14 2/15/15 83/16/16 523/5/5
f 523/5/5 83/16/16 84/17/17 526/6/6
f 526/6/6 84/17/17 85/18/18 529/9/9
f 529/9/9 85/18/18 4/19/19 119/20/20
f 528/7/7 529/9/9 119/20/20 120/21/21
f 527/8/8 528/7/7 120/21/21 121/22/22
f 160/23/23 527/8/8 121/22/22 11/24/24
f 159/25/25 524/4/4 527/8/8 160/23/23
f 158/12/12 521/1/1 524/4/4 159/25/25
f 530/26/26 531/27/27 534/28/28 533/29/29
f 531/27/27 532/30/30 535/31/31 534/28/28
f 533/29/29 534/28/28 537/32/32 536/33/33
f 534/28/28 535/31/31 538/34/34 537/32/32
f 11/24/24 121/22/22 530/26/26 152/35/35
f 121/22/22 120/21/21 531/27/27 530/26/26
f 120/21/21 119/20/20 532/30/30 531/27/27
f 119/20/20 4/19/19 92/36/36 532/30/30
f 532/30/30 92/36/36 93/37/37 535/31/31
f 535/31/31 93/37/37 94/38/38 538/34/34
f 538/34/34 94/38/38 8/39/39 125/40/40
f 537/32/32 538/34/34 125/40/40 126/41/41
f 536/33/33 537/32/32 126/41/41 127/42/42
f 154/43/43 536/33/33 127/42/42 13/44/44
f 153/45/45 533/29/29 536/33/33 154/43/43
f 152/35/35 530/26/26 533/29/29 153/45/45
f 539/46/46 540/47/47 543/48/48 542/49/49
f 540/47/47 541/50/50 544/51/51 543/48/48
f 542/49/49 543/48/48 546/52/52 545/53/53
f 543/48/48 544/51/51 547/54/54 546/52/52
f 13/44/44 127/42/42 539/46/46 146/55/55
f 127/42/42 126/41/41 540/47/47 539/46/46
f 126/41/41 125/40/40 541/50/50 540/47/47
f 125/40/40 8/39/39 101/56/56 541/50/50
f 541/50/50 101/56/56 102/57/57 544/51/51
f 544/51/51 102/57/57 103/58/58 547/54/54
f 547/54/54 103/58/58 6/59/59 131/60/60
f 546/52/52 547/54/54 131/60/60 132/61/61
f 545/53/53 546/52/52 132/61/61 133/62/62
f 148/63/63 545/53/53 133/62/62 15/64/64
f 147/65/65 542/49/49 545/53/53 148/63/63
f 146/55/55 539/46/46 542/49/49 147/65/65
f 548/66/66 549/67/67 552/68/68 551/69/69
f 549/67/67 550/70/70 553/71/71 552/68/68
f 551/69/69 552/68/68 555/72/72 554/73/73
f 552/68/68 553/71/71 556/74/74 555/72/72
f 15/64/64 133/62/62 548/66/66 140/75/75
f 133/62/62 132/61/61 549/67/67 548/66/66
f 132/61/61 131/60/60 550/70/70 549/67/67
f 131/60/60 6/59/59 110/76/76 550/70/70
f 550/70/70 110/76/76 111/77/77 553/71/71
f 553/71/71 111/77/77 112/78/78 556/74/74
f 556/74/74 112/78/78 2/15/15 82/14/14
f 555/72/72 556/74/74 82/14/14 81/13/13
f 554/73/73 555/72/72 81/13/13 80/11/11
f 142/79/79 554/73/73 80/11/11 10/10/10
f 141/80/80 551/69/69 554/73/73 142/79/79
f 140/75/75 548/66/66 551/69/69 141/80/80
f 557/81/81 558/82/82 561/83/83 560/84/84
f 558/82/82 559/85/85 562/86/86 561/83/83
f 560/84/84 561/83/83 564/87/87 563/88/88
f 561/83/83 562/86/86 565/89/89 564/87/87
f 5/90/90 109/91/91 557/81/81 178/92/92
f 109/91/91 108/93/93 558/82/82 557/81/81
f 108/93/93 107/94/94 559/85/85 558/82/82
f 107/94/94 1/95/95 173/96/96 559/85/85
f 559/85/85 173/96/96 174/97/97 562/86/86
f 562/86/86 174/97/97 175/98/98 565/89/89
f 565/89/89 175/98/98 17/99/99 170/100/100
f 564/87/87 565/89/89 170/100/100 171/101/101
f 563/88/88 564/87/87 171/101/101 172/102/102
f 176/103/103 563/88/88 172/102/102 19/104/104
f 177/105/105 560/84/84 563/88/88 176/103/103
f 178/92/92 557/81/81 560/84/84 177/105/105
f 566/106/106 567/107/107 570/108/108 569/109/109
f 567/107/107 568/110/110 571/111/111 570/108/108
f 569/109/109 570/108/108 573/112/112 572/113/113
f 570/108/108 571/111/111 574/114/114 573/112/112
f 6/59/59 103/58/58 566/106/106 274/115/115
f 103/58/58 102/57/57 567/107/107 566/106/106
f 102/57/57 101/56/56 568/110/110 567/107/107
f 101/56/56 8/39/39 269/116/116 568/110/110
f 568/110/110 269/116/116 270/117/117 571/111/111
f 571/111/111 270/117/117 271/118/118 574/114/114
f 574/114/114 271/118/118 36/119/119 263/120/120
f 573/112/112 574/114/114 263/120/120 264/121/121
f 572/113/113 573/112/112 264/121/121 265/122/122
f 272/123/123 572/113/113 265/122/122 35/124/124
f 273/125/125 569/109/109 572/113/113 272/123/123
f 274/115/115 566/106/106 569/109/109 273/125/125
f 575/126/126 576/127/127 579/128/128 578/129/129
f 576/127/127 577/130/130 580/131/131 579/128/128
f 578/129/129 579/128/128 582/132/132 581/133/133
f 579/128/128 580/131/131 583/134/134 582/132/132
f 5/90/90 106/135/135 575/126/126 109/91/91
f 106/135/135 105/136/136 576/127/127 575/126/126
f 105/136/136 104/137/137 577/130/130 576/127/127
f 104/137/137 16/138/138 137/139/139 577/130/130
f 577/130/130 137/139/139 138/140/140 580/131/131
f 580/131/131 138/140/140 139/141/141 583/134/134
f 583/134/134 139/141/141 9/142/142 115/143/143
f 582/132/132 583/134/134 115/143/143 114/144/144
f 581/133/133 582/132/132 114/144/144 113/145/145
f 107/94/94 581/133/133 113/145/145 1/95/95
f 108/93/93 578/129/129 581/133/133 107/94/94
f 109/91/91 575/126/126 578/129/129 108/93/93
f 584/146/146 585/147/147 588/148/148 587/149/149
f 585/147/147 586/150/150 589/151/151 588/148/148
f 587/149/149 588/148/148 591/152/152 590/153/153
f 588/148/148 589/151/151 592/154/154 591/152/152
f 16/138/138 136/155/155 584/146/146 137/139/139
f 136/155/155 135/156/156 585/147/147 584/146/146
f 135/156/156 134/157/157 586/150/150 585/147/147
f 134/157/157 15/64/64 140/75/75 586/150/150
f 586/150/150 140/75/75 141/80/80 589/151/151
f 589/151/151 141/80/80 142/79/79 592/154/154
f 592/154/154 142/79/79 10/10/10 118/158/158
f 591/152/152 592/154/154 118/158/158 117/159/159
f 590/153/153 591/152/152 117/159/159 116/160/160
f 139/141/141 590/153/153 116/160/160 9/142/142
f 138/140/140 587/149/149 590/153/153 139/141/141
f 137/139/139 584/146/146 587/149/149 138/140/140
f 593/161/161 594/162/162 597/163/163 596/164/164
f 594/162/162 595/165/165 598/166/166 597/163/163
f 596/164/164 597/163/163 600/167/167 599/168/168
f 597/163/163 598/166/166 601/169/169 600/167/167
f 7/170/170 97/171/171 593/161/161 100/172/172
f 97/171/171 96/173/173 594/162/162 593/161/161
f 96/173/173 95/174/174 595/165/165 594/162/162
f 95/174/174 14/175/175 143/176/176 595/165/165
f 595/165/165 143/176/176 144/177/177 598/166/166
f 598/166/166 144/177/177 145/178/178 601/169/169
f 601/169/169 145/178/178 16/138/138 104/137/137
f 600/167/167 601/169/169 104/137/137 105/136/136
f 599/168/168 600/167/167 105/136/136 106/135/135
f 98/179/179 599/168/168 106/135/135 5/90/90
f 99/180/180 596/164/164 599/168/168 98/179/179
f 100/172/172 593/161/161 596/164/164 99/180/180
f 602/181/181 603/182/182 606/183/183 605/184/184
f 603/182/182 604/185/185 607/186/186 606/183/183
f 605/184/184 606/183/183 609/187/187 608/188/188
f 606/183/183 607/186/186 610/189/189 609/187/187
f 14/175/175 130/190/190 602/181/181 143/176/176
f 130/190/190 129/191/191 603/182/182 602/181/181
f 129/191/191 128/192/192 604/185/185 603/182/182
f 128/192/192 13/44/44 146/55/55 604/185/185
f 604/185/185 146/55/55 147/65/65 607/186/186
f 607/186/186 147/65/65 148/63/63 610/189/189
f 610/189/189 148/63/63 15/64/64 134/157/157
f 609/187/187 610/189/189 134/157/157 135/156/156
f 608/188/188 609/187/187 135/156/156 136/155/155
f 145/178/178 608/188/188 136/155/155 16/138/138
f 144/177/177 605/184/184 608/188/188 145/178/178
f 143/176/176 602/181/181 605/184/184 144/177/177
f 611/193/193 612/194/194 615/195/195 614/196/196
f 612/194/194 613/197/197 616/198/198 615/195/195
f 614/196/196 615/195/195 618/199/199 617/200/200
f 615/195/195 616/198/198 619/201/201 618/199/199
f 3/202/202 88/203/203 611/193/193 91/204/204
f 88/203/203 87/205/205 612/194/194 611/193/193
f 87/205/205 86/206/206 613/197/197 612/194/194
f 86/206/206 12/207/207 149/208/208 613/197/197
f 613/197/197 149/208/208 150/209/209 616/198/198
f 616/198/198 150/209/209 151/210/210 619/201/201
f 619/201/201 151/210/210 14/175/175 95/174/174
f 618/199/199 619/201/201 95/174/174 96/173/173
f 617/200/200 618/199/199 96/173/173 97/171/171
f 89/211/211 617/200/200 97/171/171 7/170/170
f 90/212/212 614/196/196 617/200/200 89/211/211
f 91/204/204 611/193/193 614/196/196 90/212/212
f 620/213/213 621/214/214 624/215/215 623/216/216
f 621/214/214 622/217/217 625/218/218 624/215/215
f 623/216/216 624/215/215 627/219/219 626/220/220
f 624/215/215 625/218/218 628/221/221 627/219/219
f 12/207/207 124/222/222 620/213/213 149/208/208
f 124/222/222 123/223/223 621/214/214 620/213/213
f 123/223/223 122/224/224 622/217/217 621/214/214
f 122/224/224 11/24/24 152/35/35 622/217/217
f 622/217/217 152/35/35 153/45/45 625/218/218
f 625/218/218 153/45/45 154/43/43 628/221/221
f 628/221/221 154/43/43 13/44/44 128/192/192
f 627/219/219 628/221/221 128/192/192 129/191/191
f 626/220/220 627/219/219 129/191/191 130/190/190
f 151/210/210 626/220/220 130/190/190 14/175/175
f 150/209/209 623/216/216 626/220/220 151/210/210
f 149/208/208 620/213/213 623/216/216 150/209/209
f 629/225/225 630/226/226 633/227/227 632/228/228
f 630/226/226 631/229/229 634/230/230 633/227/227
f 632/228/228 633/227/227 636/231/231 635/232/232
f 633/227/227 634/230/230 637/233/233 636/231/231
f 1/95/95 113/145/145 629/225/225 79/234/234
f 113/145/145 114/144/144 630/226/226 629/225/225
f 114/144/144 115/143/143 631/229/229 630/226/226
f 115/143/143 9/142/142 155/235/235 631/229/229
f 631/229/229 155/235/235 156/236/236 634/230/230
f 634/230/230 156/236/236 157/237/237 637/233/233
f 637/233/233 157/237/237 12/207/207 86/206/206
f 636/231/231 637/233/233 86/206/206 87/205/205
f 635/232/232 636/231/231 87/205/205 88/203/203
f 77/238/238 635/232/232 88/203/203 3/202/202
f 78/239/239 632/228/228 635/232/232 77/238/238
f 79/234/234 629/225/225 632/228/228 78/239/239
f 638/240/240 639/241/241 642/242/242 641/243/243
f 639/241/241 640/244/244 643/245/245 642/242/242
f 641/243/243 642/242/242 645/246/246 644/247/247
f 642/242/242 643/245/245 646/248/248 645/246/246
f 9/142/142 116/160/160 638/240/240 155/235/235
f 116/160/160 117/159/159 639/241/241 638/240/240
f 117/159/159 118/158/158 640/244/244 639/241/241
f 118/158/158 10/10/10 158/12/12 640/244/244
f 640/244/244 158/12/12 159/25/25 643/245/245
f 643/245/245 159/25/25 160/23/23 646/248/248
f 646/248/248 160/23/23 11/24/24 122/224/224
f 645/246/246 646/248/248 122/224/224 123/223/223
f 644/247/247 645/246/246 123/223/223 124/222/222
f 157/237/237 644/247/247 124/222/222 12/207/207
f 156/236/236 641/243/243 644/247/247 157/237/237
f 155/235/235 638/240/240 641/243/243 156/236/236
f 647/249/249 648/250/250 651/251/251 650/252/252
f 648/250/250 649/253/253 652/254/254 651/251/251
f 650/252/252 651/251/251 654/255/255 653/256/256
f 651/251/251 652/254/254 655/257/257 654/255/255
f 20/258/258 169/259/259 647/249/249 202/260/260
f 169/259/259 168/261/261 648/250/250 647/249/249
f 168/261/261 167/262/262 649/253/253 648/250/250
f 167/262/262 19/104/104 197/263/263 649/253/253
f 649/253/253 197/263/263 198/264/264 652/254/254
f 652/254/254 198/264/264 199/265/265 655/257/257
f 655/257/257 199/265/265 23/266/266 191/267/267
f 654/255/255 655/257/257 191/267/267 192/268/268
f 653/256/256 654/255/255 192/268/268 193/269/269
f 200/270/270 653/256/256 193/269/269 24/271/271
f 201/272/272 650/252/252 653/256/256 200/270/270
f 202/260/260 647/249/249 650/252/252 201/272/272
f 656/273/273 657/274/274 660/275/275 659/276/276
f 657/274/274 658/277/277 661/278/278 660/275/275
f 659/276/276 660/275/275 663/279/279 662/280/280
f 660/275/275 661/278/278 664/281/281 663/279/279
f 3/202/202 91/204/204 656/273/273 184/282/282
f 91/204/204 90/212/212 657/274/274 656/273/273
f 90/212/212 89/211/211 658/277/277 657/274/274
f 89/211/211 7/170/170 179/283/283 658/277/277
f 658/277/277 179/283/283 180/284/284 661/278/278
f 661/278/278 180/284/284 181/285/285 664/281/281
f 664/281/281 181/285/285 20/258/258 164/286/286
f 663/279/279 664/281/281 164/286/286 165/287/287
f 662/280/280 663/279/279 165/287/287 166/288/288
f 182/289/289 662/280/280 166/288/288 18/290/290
f 183/291/291 659/276/276 662/280/280 182/289/289
f 184/282/282 656/273/273 659/276/276 183/291/291
f 665/292/292 666/293/293 669/294/294 668/295/295
f 666/293/293 667/296/296 670/297/297 669/294/294
f 668/295/295 669/294/294 672/298/298 671/299/299
f 669/294/294 670/297/297 673/300/300 672/298/298
f 1/95/95 79/234/234 665/292/292 173/96/96
f 79/234/234 78/239/239 666/293/293 665/292/292
f 78/239/239 77/238/238 667/296/296 666/293/293
f 77/238/238 3/202/202 184/282/282 667/296/296
f 667/296/296 184/282/282 183/291/291 670/297/297
f 670/297/297 183/291/291 182/289/289 673/300/300
f 673/300/300 182/289/289 18/290/290 161/301/301
f 672/298/298 673/300/300 161/301/301 162/302/302
f 671/299/299 672/298/298 162/302/302 163/303/303
f 175/98/98 671/299/299 163/303/303 17/99/99
f 174/97/97 668/295/295 671/299/299 175/98/98
f 173/96/96 665/292/292 668/295/295 174/97/97
f 674/304/304 675/305/305 678/306/306 677/307/307
f 675/305/305 676/308/308 679/309/309 678/306/306
f 677/307/307 678/306/306 681/310/310 680/311/311
f 678/306/306 679/309/309 682/312/312 681/310/310
f 7/170/170 100/172/172 674/304/304 179/283/283
f 100/172/172 99/180/180 675/305/305 674/304/304
f 99/180/180 98/179/179 676/308/308 675/305/305
f 98/179/179 5/90/90 178/92/92 676/308/308
f 676/308/308 178/92/92 177/105/105 679/309/309
f 679/309/309 177/105/105 176/103/103 682/312/312
f 682/312/312 176/103/103 19/104/104 167/262/262
f 681/310/310 682/312/312 167/262/262 168/261/261
f 680/311/311 681/310/310 168/261/261 169/259/259
f 181/285/285 680/311/311 169/259/259 20/258/258
f 180/284/284 677/307/307 680/311/311 181/285/285
f 179/283/283 674/304/304 677/307/307 180/284/284
f 683/313/313 684/314/314 687/315/315 686/316/316
f 684/314/314 685/317/317 688/318/318 687/315/315
f 686/316/316 687/315/315 690/319/319 689/320/320
f 687/315/315 688/318/318 691/321/321 690/319/319
f 74/322/322 520/323/323 683/313/313 502/324/324
f 520/323/323 519/325/325 684/314/314 683/313/313
f 519/325/325 518/326/326 685/317/317 684/314/314
f 518/326/326 73/327/327 221/328/328 685/317/317
f 685/317/317 221/328/328 222/329/329 688/318/318
f 688/318/318 222/329/329 223/330/330 691/321/321
f 691/321/321 223/330/330 26/331/331 209/332/332
f 690/319/319 691/321/321 209/332/332 210/333/333
f 689/320/320 690/319/319 210/333/333 211/334/334
f 500/335/335 689/320/320 211/334/334 25/336/336
f 501/337/337 686/316/316 689/320/320 500/335/335
f 502/324/324 683/313/313 686/316/316 501/337/337
f 692/338/338 693/339/339 696/340/340 695/341/341
f 693/339/339 694/342/342 697/343/343 696/340/340
f 695/341/341 696/340/340 699/344/344 698/345/345
f 696/340/340 697/343/343 700/346/346 699/344/344
f 17/99/99 163/303/303 692/338/338 208/347/347
f 163/303/303 162/302/302 693/339/339 692/338/338
f 162/302/302 161/301/301 694/342/342 693/339/339
f 161/301/301 18/290/290 203/348/348 694/342/342
f 694/342/342 203/348/348 204/349/349 697/343/343
f 697/343/343 204/349/349 205/350/350 700/346/346
f 700/346/346 205/350/350 22/351/351 185/352/352
f 699/344/344 700/346/346 185/352/352 186/353/353
f 698/345/345 699/344/344 186/353/353 187/354/354
f 206/355/355 698/345/345 187/354/354 21/356/356
f 207/357/357 695/341/341 698/345/345 206/355/355
f 208/347/347 692/338/338 695/341/341 207/357/357
f 701/358/358 702/359/359 705/360/360 704/361/361
f 702/359/359 703/362/362 706/363/363 705/360/360
f 704/361/361 705/360/360 708/364/364 707/365/365
f 705/360/360 706/363/363 709/366/366 708/364/364
f 19/104/104 172/102/102 701/358/358 197/263/263
f 172/102/102 171/101/101 702/359/359 701/358/358
f 171/101/101 170/100/100 703/362/362 702/359/359
f 170/100/100 17/99/99 208/347/347 703/362/362
f 703/362/362 208/347/347 207/357/357 706/363/363
f 706/363/363 207/357/357 206/355/355 709/366/366
f 709/366/366 206/355/355 21/356/356 194/367/367
f 708/364/364 709/366/366 194/367/367 195/368/368
f 707/365/365 708/364/364 195/368/368 196/369/369
f 199/265/265 707/365/365 196/369/369 23/266/266
f 198/264/264 704/361/361 707/365/365 199/265/265
f 197/263/263 701/358/358 704/361/361 198/264/264
f 710/370/370 711/371/371 714/372/372 713/373/373
f 711/371/371 712/374/374 715/375/375 714/372/372
f 713/373/373 714/372/372 717/376/376 716/377/377
f 714/372/372 715/375/375 718/378/378 717/376/376
f 18/290/290 166/288/288 710/370/370 203/348/348
f 166/288/288 165/287/287 711/371/371 710/370/370
f 165/287/287 164/286/286 712/374/374 711/371/371
f 164/286/286 20/258/258 202/260/260 712/374/374
f 712/374/374 202/260/260 201/272/272 715/375/375
f 715/375/375 201/272/272 200/270/270 718/378/378
f 718/378/378 200/270/270 24/271/271 188/379/379
f 717/376/376 718/378/378 188/379/379 189/380/380
f 716/377/377 717/376/376 189/380/380 190/381/381
f 205/350/350 716/377/377 190/381/381 22/351/351
f 204/349/349 713/373/373 716/377/377 205/350/350
f 203/348/348 710/370/370 713/373/373 204/349/349
f 719/382/382 720/383/383 723/384/384 722/385/385
f 720/383/383 721/386/386 724/387/387 723/384/384
f 722/385/385 723/384/384 726/388/388 725/389/389
f 723/384/384 724/387/387 727/390/390 726/388/388
f 70/391/391 496/392/392 719/382/382 478/393/393
f 496/392/392 495/394/394 720/383/383 719/382/382
f 495/394/394 494/395/395 721/386/386 720/383/383
f 494/395/395 69/396/396 245/397/397 721/386/386
f 721/386/386 245/397/397 246/398/398 724/387/387
f 724/387/387 246/398/398 247/399/399 727/390/390
f 727/390/390 247/399/399 29/400/400 242/401/401
f 726/388/388 727/390/390 242/401/401 243/402/402
f 725/389/389 726/388/388 243/402/402 244/403/403
f 476/404/404 725/389/389 244/403/403 31/405/405
f 477/406/406 722/385/385 725/389/389 476/404/404
f 478/393/393 719/382/382 722/385/385 477/406/406
f 728/407/407 729/408/408 732/409/409 731/410/410
f 729/408/408 730/411/411 733/412/412 732/409/409
f 731/410/410 732/409/409 735/413/413 734/414/414
f 732/409/409 733/412/412 736/415/415 735/413/413
f 75/416/416 517/417/417 728/407/407 505/418/418
f 517/417/417 516/419/419 729/408/408 728/407/407
f 516/419/419 515/420/420 730/411/411 729/408/408
f 515/420/420 74/322/322 502/324/324 730/411/411
f 730/411/411 502/324/324 501/337/337 733/412/412
f 733/412/412 501/337/337 500/335/335 736/415/415
f 736/415/415 500/335/335 25/336/336 218/421/421
f 735/413/413 736/415/415 218/421/421 219/422/422
f 734/414/414 735/413/413 219/422/422 220/423/423
f 503/424/424 734/414/414 220/423/423 27/425/425
f 504/426/426 731/410/410 734/414/414 503/424/424
f 505/418/418 728/407/407 731/410/410 504/426/426
f 737/427/427 738/428/428 741/429/429 740/430/430
f 738/428/428 739/431/431 742/432/432 741/429/429
f 740/430/430 741/429/429 744/433/433 743/434/434
f 741/429/429 742/432/432 745/435/435 744/433/433
f 73/327/327 514/436/436 737/427/427 221/328/328
f 514/436/436 513/437/437 738/428/428 737/427/427
f 513/437/437 512/438/438 739/431/431 738/428/428
f 512/438/438 76/439/439 230/440/440 739/431/431
f 739/431/431 230/440/440 231/441/441 742/432/432
f 742/432/432 231/441/441 232/442/442 745/435/435
f 745/435/435 232/442/442 28/443/443 212/444/444
f 744/433/433 745/435/435 212/444/444 213/445/445
f 743/434/434 744/433/433 213/445/445 214/446/446
f 223/330/330 743/434/434 214/446/446 26/331/331
f 222/329/329 740/430/430 743/434/434 223/330/330
f 221/328/328 737/427/427 740/430/430 222/329/329
f 746/447/447 747/448/448 750/449/449 749/450/450
f 747/448/448 748/451/451 751/452/452 750/449/449
f 749/450/450 750/449/449 753/453/453 752/454/454
f 750/449/449 751/452/452 754/455/455 753/453/453
f 76/439/439 511/456/456 746/447/447 230/440/440
f 511/456/456 510/457/457 747/448/448 746/447/447
f 510/457/457 509/458/458 748/451/451 747/448/448
f 509/458/458 75/416/416 505/418/418 748/451/451
f 748/451/451 505/418/418 504/426/426 751/452/452
f 751/452/452 504/426/426 503/424/424 754/455/455
f 754/455/455 503/424/424 27/425/425 215/459/459
f 753/453/453 754/455/455 215/459/459 216/460/460
f 752/454/454 753/453/453 216/460/460 217/461/461
f 232/442/442 752/454/454 217/461/461 28/443/443
f 231/441/441 749/450/450 752/454/454 232/442/442
f 230/440/440 746/447/447 749/450/450 231/441/441
f 755/462/462 756/463/463 759/464/464 758/465/465
f 756/463/463 757/466/466 760/467/467 759/464/464
f 758/465/465 759/464/464 762/468/468 761/469/469
f 759/464/464 760/467/467 763/470/470 762/468/468
f 30/471/471 238/472/472 755/462/462 233/473/473
f 238/472/472 237/474/474 756/463/463 755/462/462
f 237/474/474 236/475/475 757/466/466 756/463/463
f 236/475/475 32/476/476 241/477/477 757/466/466
f 757/466/466 241/477/477 240/478/478 760/467/467
f 760/467/467 240/478/478 239/479/479 763/470/470
f 763/470/470 239/479/479 31/405/405 244/403/403
f 762/468/468 763/470/470 244/403/403 243/402/402
f 761/469/469 762/468/468 243/402/402 242/401/401
f 235/480/480 761/469/469 242/401/401 29/400/400
f 234/481/481 758/465/465 761/469/469 235/480/480
f 233/473/473 755/462/462 758/465/465 234/481/481
f 764/482/482 765/483/483 768/484/484 767/485/485
f 765/483/483 766/486/486 769/487/487 768/484/484
f 767/485/485 768/484/484 771/488/488 770/489/489
f 768/484/484 769/487/487 772/490/490 771/488/488
f 72/491/491 493/492/492 764/482/482 484/493/493
f 493/492/492 492/494/494 765/483/483 764/482/482
f 492/494/494 491/495/495 766/486/486 765/483/483
f 491/495/495 71/496/496 251/497/497 766/486/486
f 766/486/486 251/497/497 252/498/498 769/487/487
f 769/487/487 252/498/498 253/499/499 772/490/490
f 772/490/490 253/499/499 32/476/476 236/475/475
f 771/488/488 772/490/490 236/475/475 237/474/474
f 770/489/489 771/488/488 237/474/474 238/472/472
f 482/500/500 770/489/489 238/472/472 30/471/471
f 483/501/501 767/485/485 770/489/489 482/500/500
f 484/493/493 764/482/482 767/485/485 483/501/501
f 773/502/502 774/503/503 777/504/504 776/505/505
f 774/503/503 775/506/506 778/507/507 777/504/504
f 776/505/505 777/504/504 780/508/508 779/509/509
f 777/504/504 778/507/507 781/510/510 780/508/508
f 71/496/496 490/511/511 773/502/502 251/497/497
f 490/511/511 489/512/512 774/503/503 773/502/502
f 489/512/512 488/513/513 775/506/506 774/503/503
f 488/513/513 70/391/391 478/393/393 775/506/506
f 775/506/506 478/393/393 477/406/406 778/507/507
f 778/507/507 477/406/406 476/404/404 781/510/510
f 781/510/510 476/404/404 31/405/405 239/479/479
f 780/508/508 781/510/510 239/479/479 240/478/478
f 779/509/509 780/508/508 240/478/478 241/477/477
f 253/499/499 779/509/509 241/477/477 32/476/476
f 252/498/498 776/505/505 779/509/509 253/499/499
f 251/497/497 773/502/502 776/505/505 252/498/498
f 782/514/514 783/515/515 786/516/516 785/517/517
f 783/515/515 784/518/518 787/519/519 786/516/516
f 785/517/517 786/516/516 789/520/520 788/521/521
f 786/516/516 787/519/519 790/522/522 789/520/520
f 69/396/396 487/523/523 782/514/514 245/397/397
f 487/523/523 486/524/524 783/515/515 782/514/514
f 486/524/524 485/525/525 784/518/518 783/515/515
f 485/525/525 72/491/491 484/493/493 784/518/518
f 784/518/518 484/493/493 483/501/501 787/519/519
f 787/519/519 483/501/501 482/500/500 790/522/522
f 790/522/522 482/500/500 30/471/471 233/473/473
f 789/520/520 790/522/522 233/473/473 234/481/481
f 788/521/521 789/520/520 234/481/481 235/480/480
f 247/399/399 788/521/521 235/480/480 29/400/400
f 246/398/398 785/517/517 788/521/521 247/399/399
f 245/397/397 782/514/514 785/517/517 246/398/398
f 791/526/526 792/527/527 795/528/528 794/529/529
f 792/527/527 793/530/530 796/531/531 795/528/528
f 794/529/529 795/528/528 798/532/532 797/533/533
f 795/528/528 796/531/531 799/534/534 798/532/532
f 33/535/535 268/536/536 791/526/526 298/537/537
f 268/536/536 267/538/538 792/527/527 791/526/526
f 267/538/538 266/539/539 793/530/530 792/527/527
f 266/539/539 35/124/124 293/540/540 793/530/530
f 793/530/530 293/540/540 294/541/541 796/531/531
f 796/531/531 294/541/541 295/542/542 799/534/534
f 799/534/534 295/542/542 39/543/543 290/544/544
f 798/532/532 799/534/534 290/544/544 291/545/545
f 797/533/533 798/532/532 291/545/545 292/546/546
f 296/547/547 797/533/533 292/546/546 37/548/548
f 297/549/549 794/529/529 797/533/533 296/547/547
f 298/537/537 791/526/526 794/529/529 297/549/549
f 800/550/550 801/551/551 804/552/552 803/553/553
f 801/551/551 802/554/554 805/555/555 804/552/552
f 803/553/553 804/552/552 807/556/556 806/557/557
f 804/552/552 805/555/555 808/558/558 807/556/556
f 4/19/19 85/18/18 800/550/550 280/559/559
f 85/18/18 84/17/17 801/551/551 800/550/550
f 84/17/17 83/16/16 802/554/554 801/551/551
f 83/16/16 2/15/15 275/560/560 802/554/554
f 802/554/554 275/560/560 276/561/561 805/555/555
f 805/555/555 276/561/561 277/562/562 808/558/558
f 808/558/558 277/562/562 33/535/535 257/563/563
f 807/556/556 808/558/558 257/563/563 258/564/564
f 806/557/557 807/556/556 258/564/564 259/565/565
f 278/566/566 806/557/557 259/565/565 34/567/567
f 279/568/568 803/553/553 806/557/557 278/566/566
f 280/559/559 800/550/550 803/553/553 279/568/568
f 809/569/569 810/570/570 813/571/571 812/572/572
f 810/570/570 811/573/573 814/574/574 813/571/571
f 812/572/572 813/571/571 816/575/575 815/576/576
f 813/571/571 814/574/574 817/577/577 816/575/575
f 2/15/15 112/78/78 809/569/569 275/560/560
f 112/78/78 111/77/77 810/570/570 809/569/569
f 111/77/77 110/76/76 811/573/573 810/570/570
f 110/76/76 6/59/59 274/115/115 811/573/573
f 811/573/573 274/115/115 273/125/125 814/574/574
f 814/574/574 273/125/125 272/123/123 817/577/577
f 817/577/577 272/123/123 35/124/124 266/539/539
f 816/575/575 817/577/577 266/539/539 267/538/538
f 815/576/576 816/575/575 267/538/538 268/536/536
f 277/562/562 815/576/576 268/536/536 33/535/535
f 276/561/561 812/572/572 815/576/576 277/562/562
f 275/560/560 809/569/569 812/572/572 276/561/561
f 818/578/578 819/579/579 822/580/580 821/581/581
f 819/579/579 820/582/582 823/583/583 822/580/580
f 821/581/581 822/580/580 825/584/584 824/585/585
f 822/580/580 823/583/583 826/586/586 825/584/584
f 8/39/39 94/38/38 818/578/578 269/116/116
f 94/38/38 93/37/37 819/579/579 818/578/578
f 93/37/37 92/36/36 820/582/582 819/579/579
f 92/36/36 4/19/19 280/559/559 820/582/582
f 820/582/582 280/559/559 279/568/568 823/583/583
f 823/583/583 279/568/568 278/566/566 826/586/586
f 826/586/586 278/566/566 34/567/567 260/587/587
f 825/584/584 826/586/586 260/587/587 261/588/588
f 824/585/585 825/584/584 261/588/588 262/589/589
f 271/118/118 824/585/585 262/589/589 36/119/119
f 270/117/117 821/581/581 824/585/585 271/118/118
f 269/116/116 818/578/578 821/581/581 270/117/117
f 827/590/590 828/591/591 831/592/592 830/593/593
f 828/591/591 829/594/594 832/595/595 831/592/592
f 830/593/593 831/592/592 834/596/596 833/597/597
f 831/592/592 832/595/595 835/598/598 834/596/596
f 38/599/599 283/600/600 827/590/590 322/601/601
f 283/600/600 282/602/602 828/591/591 827/590/590
f 282/602/602 281/603/603 829/594/594 828/591/591
f 281/603/603 37/548/548 317/604/604 829/594/594
f 829/594/594 317/604/604 318/605/605 832/595/595
f 832/595/595 318/605/605 319/606/606 835/598/598
f 835/598/598 319/606/606 41/607/607 305/608/608
f 834/596/596 835/598/598 305/608/608 306/609/609
f 833/597/597 834/596/596 306/609/609 307/610/610
f 320/611/611 833/597/597 307/610/610 42/612/612
f 321/613/613 830/593/593 833/597/597 320/611/611
f 322/601/601 827/590/590 830/593/593 321/613/613
f 836/614/614 837/615/615 840/616/616 839/617/617
f 837/615/615 838/618/618 841/619/619 840/616/616
f 839/617/617 840/616/616 843/620/620 842/621/621
f 840/616/616 841/619/619 844/622/622 843/620/620
f 36/119/119 262/589/589 836/614/614 304/623/623
f 262/589/589 261/588/588 837/615/615 836/614/614
f 261/588/588 260/587/587 838/618/618 837/615/615
f 260/587/587 34/567/567 299/624/624 838/618/618
f 838/618/618 299/624/624 300/625/625 841/619/619
f 841/619/619 300/625/625 301/626/626 844/622/622
f 844/622/622 301/626/626 38/599/599 284/627/627
f 843/620/620 844/622/622 284/627/627 285/628/628
f 842/621/621 843/620/620 285/628/628 286/629/629
f 302/630/630 842/621/621 286/629/629 40/631/631
f 303/632/632 839/617/617 842/621/621 302/630/630
f 304/623/623 836/614/614 839/617/617 303/632/632
f 845/633/633 846/634/634 849/635/635 848/636/636
f 846/634/634 847/637/637 850/638/638 849/635/635
f 848/636/636 849/635/635 852/639/639 851/640/640
f 849/635/635 850/638/638 853/641/641 852/639/639
f 35/124/124 265/122/122 845/633/633 293/540/540
f 265/122/122 264/121/121 846/634/634 845/633/633
f 264/121/121 263/120/120 847/637/637 846/634/634
f 263/120/120 36/119/119 304/623/623 847/637/637
f 847/637/637 304/623/623 303/632/632 850/638/638
f 850/638/638 303/632/632 302/630/630 853/641/641
f 853/641/641 302/630/630 40/631/631 287/642/642
f 852/639/639 853/641/641 287/642/642 288/643/643
f 851/640/640 852/639/639 288/643/643 289/644/644
f 295/542/542 851/640/640 289/644/644 39/543/543
f 294/541/541 848/636/636 851/640/640 295/542/542
f 293/540/540 845/633/633 848/636/636 294/541/541
f 854/645/645 855/646/646 858/647/647 857/648/648
f 855/646/646 856/649/649 859/650/650 858/647/647
f 857/648/648 858/647/647 861/651/651 860/652/652
f 858/647/647 859/650/650 862/653/653 861/651/651
f 34/567/567 259/565/565 854/645/645 299/624/624
f 259/565/565 258/564/564 855/646/646 854/645/645
f 258/564/564 257/563/563 856/649/649 855/646/646
f 257/563/563 33/535/535 298/537/537 856/649/649
f 856/649/649 298/537/537 297/549/549 859/650/650
f 859/650/650 297/549/549 296/547/547 862/653/653
f 862/653/653 296/547/547 37/548/548 281/603/603
f 861/651/651 862/653/653 281/603/603 282/602/602
f 860/652/652 861/651/651 282/602/602 283/600/600
f 301/626/626 860/652/652 283/600/600 38/599/599
f 300/625/625 857/648/648 860/652/652 301/626/626
f 299/624/624 854/645/645 857/648/648 300/625/625
f 863/654/654 864/655/655 867/656/656 866/657/657
f 864/655/655 865/658/658 868/659/659 867/656/656
f 866/657/657 867/656/656 870/660/660 869/661/661
f 867/656/656 868/659/659 871/662/662 870/660/660
f 41/607/607 316/663/663 863/654/654 346/664/664
f 316/663/663 315/665/665 864/655/655 863/654/654
f 315/665/665 314/666/666 865/658/658 864/655/655
f 314/666/666 43/667/667 341/668/668 865/658/658
f 865/658/658 341/668/668 342/669/669 868/659/659
f 868/659/659 342/669/669 343/670/670 871/662/662
f 871/662/662 343/670/670 47/671/671 338/672/672
f 870/660/660 871/662/662 338/672/672 339/673/673
f 869/661/661 870/660/660 339/673/673 340/674/674
f 344/675/675 869/661/661 340/674/674 45/676/676
f 345/677/677 866/657/657 869/661/661 344/675/675
f 346/664/664 863/654/654 866/657/657 345/677/677
f 872/678/678 873/679/679 876/680/680 875/681/681
f 873/679/679 874/682/682 877/683/683 876/680/680
f 875/681/681 876/680/680 879/684/684 878/685/685
f 876/680/680 877/683/683 880/686/686 879/684/684
f 37/548/548 292/546/546 872/678/678 317/604/604
f 292/546/546 291/545/545 873/679/679 872/678/678
f 291/545/545 290/544/544 874/682/682 873/679/679
f 290/544/544 39/543/543 323/687/687 874/682/682
f 874/682/682 323/687/687 324/688/688 877/683/683
f 877/683/683 324/688/688 325/689/689 880/686/686
f 880/686/686 325/689/689 43/667/667 314/666/666
f 879/684/684 880/686/686 314/666/666 315/665/665
f 878/685/685 879/684/684 315/665/665 316/663/663
f 319/606/606 878/685/685 316/663/663 41/607/607
f 318/605/605 875/681/681 878/685/685 319/606/606
f 317/604/604 872/678/678 875/681/681 318/605/605
f 881/690/690 882/691/691 885/692/692 884/693/693
f 882/691/691 883/694/694 886/695/695 885/692/692
f 884/693/693 885/692/692 888/696/696 887/697/697
f 885/692/692 886/695/695 889/698/698 888/696/696
f 40/631/631 286/629/629 881/690/690 328/699/699
f 286/629/629 285/628/628 882/691/691 881/690/690
f 285/628/628 284/627/627 883/694/694 882/691/691
f 284/627/627 38/599/599 322/601/601 883/694/694
f 883/694/694 322/601/601 321/613/613 886/695/695
f 886/695/695 321/613/613 320/611/611 889/698/698
f 889/698/698 320/611/611 42/612/612 308/700/700
f 888/696/696 889/698/698 308/700/700 309/701/701
f 887/697/697 888/696/696 309/701/701 310/702/702
f 326/703/703 887/697/697 310/702/702 44/704/704
f 327/705/705 884/693/693 887/697/697 326/703/703
f 328/699/699 881/690/690 884/693/693 327/705/705
f 890/706/706 891/707/707 894/708/708 893/709/709
f 891/707/707 892/710/710 895/711/711 894/708/708
f 893/709/709 894/708/708 897/712/712 896/713/713
f 894/708/708 895/711/711 898/714/714 897/712/712
f 39/543/543 289/644/644 890/706/706 323/687/687
f 289/644/644 288/643/643 891/707/707 890/706/706
f 288/643/643 287/642/642 892/710/710 891/707/707
f 287/642/642 40/631/631 328/699/699 892/710/710
f 892/710/710 328/699/699 327/705/705 895/711/711
f 895/711/711 327/705/705 326/703/703 898/714/714
f 898/714/714 326/703/703 44/704/704 311/715/715
f 897/712/712 898/714/714 311/715/715 312/716/716
f 896/713/713 897/712/712 312/716/716 313/717/717
f 325/689/689 896/713/713 313/717/717 43/667/667
f 324/688/688 893/709/709 896/713/713 325/689/689
f 323/687/687 890/706/706 893/709/709 324/688/688
f 899/718/718 900/719/719 903/720/720 902/721/721
f 900/719/719 901/722/722 904/723/723 903/720/720
f 902/721/721 903/720/720 906/724/724 905/725/725
f 903/720/720 904/723/723 907/726/726 906/724/724
f 47/671/671 337/727/727 899/718/718 370/728/728
f 337/727/727 336/729/729 900/719/719 899/718/718
f 336/729/729 335/730/730 901/722/722 900/719/719
f 335/730/730 48/731/731 365/732/732 901/722/722
f 901/722/722 365/732/732 366/733/733 904/723/723
f 904/723/723 366/733/733 367/734/734 907/726/726
f 907/726/726 367/734/734 52/735/735 359/736/736
f 906/724/724 907/726/726 359/736/736 360/737/737
f 905/725/725 906/724/724 360/737/737 361/738/738
f 368/739/739 905/725/725 361/738/738 51/740/740
f 369/741/741 902/721/721 905/725/725 368/739/739
f 370/728/728 899/718/718 902/721/721 369/741/741
f 908/742/742 909/743/743 912/744/744 911/745/745
f 909/743/743 910/746/746 913/747/747 912/744/744
f 911/745/745 912/744/744 915/748/748 914/749/749
f 912/744/744 913/747/747 916/750/750 915/748/748
f 44/704/704 310/702/702 908/742/742 352/751/751
f 310/702/702 309/701/701 909/743/743 908/742/742
f 309/701/701 308/700/700 910/746/746 909/743/743
f 308/700/700 42/612/612 347/752/752 910/746/746
f 910/746/746 347/752/752 348/753/753 913/747/747
f 913/747/747 348/753/753 349/754/754 916/750/750
f 916/750/750 349/754/754 46/755/755 332/756/756
f 915/748/748 916/750/750 332/756/756 333/757/757
f 914/749/749 915/748/748 333/757/757 334/758/758
f 350/759/759 914/749/749 334/758/758 48/731/731
f 351/760/760 911/745/745 914/749/749 350/759/759
f 352/751/751 908/742/742 911/745/745 351/760/760
f 917/761/761 918/762/762 921/763/763 920/764/764
f 918/762/762 919/765/765 922/766/766 921/763/763
f 920/764/764 921/763/763 924/767/767 923/768/768
f 921/763/763 922/766/766 925/769/769 924/767/767
f 43/667/667 313/717/717 917/761/761 341/668/668
f 313/717/717 312/716/716 918/762/762 917/761/761
f 312/716/716 311/715/715 919/765/765 918/762/762
f 311/715/715 44/704/704 352/751/751 919/765/765
f 919/765/765 352/751/751 351/760/760 922/766/766
f 922/766/766 351/760/760 350/759/759 925/769/769
f 925/769/769 350/759/759 48/731/731 335/730/730
f 924/767/767 925/769/769 335/730/730 336/729/729
f 923/768/768 924/767/767 336/729/729 337/727/727
f 343/670/670 923/768/768 337/727/727 47/671/671
f 342/669/669 920/764/764 923/768/768 343/670/670
f 341/668/668 917/761/761 920/764/764 342/669/669
f 926/770/770 927/771/771 930/772/772 929/773/773
f 927/771/771 928/774/774 931/775/775 930/772/772
f 929/773/773 930/772/772 933/776/776 932/777/777
f 930/772/772 931/775/775 934/778/778 933/776/776
f 42/612/612 307/610/610 926/770/770 347/752/752
f 307/610/610 306/609/609 927/771/771 926/770/770
f 306/609/609 305/608/608 928/774/774 927/771/771
f 305/608/608 41/607/607 346/664/664 928/774/774
f 928/774/774 346/664/664 345/677/677 931/775/775
f 931/775/775 345/677/677 344/675/675 934/778/778
f 934/778/778 344/675/675 45/676/676 329/779/779
f 933/776/776 934/778/778 329/779/779 330/780/780
f 932/777/777 933/776/776 330/780/780 331/781/781
f 349/754/754 932/777/777 331/781/781 46/755/755
f 348/753/753 929/773/773 932/777/777 349/754/754
f 347/752/752 926/770/770 929/773/773 348/753/753
f 935/782/782 936/783/783 939/784/784 938/785/785
f 936/783/783 937/786/786 940/787/787 939/784/784
f 938/785/785 939/784/784 942/788/788 941/789/789
f 939/784/784 940/787/787 943/790/790 942/788/788
f 49/791/791 364/792/792 935/782/782 394/793/793
f 364/792/792 363/794/794 936/783/783 935/782/782
f 363/794/794 362/795/795 937/786/786 936/783/783
f 362/795/795 51/740/740 389/796/796 937/786/786
f 937/786/786 389/796/796 390/797/797 940/787/787
f 940/787/787 390/797/797 391/798/798 943/790/790
f 943/790/790 391/798/798 55/799/799 386/800/800
f 942/788/788 943/790/790 386/800/800 387/801/801
f 941/789/789 942/788/788 387/801/801 388/802/802
f 392/803/803 941/789/789 388/802/802 53/804/804
f 393/805/805 938/785/785 941/789/789 392/803/803
f 394/793/793 935/782/782 938/785/785 393/805/805
f 944/806/806 945/807/807 948/808/808 947/809/809
f 945/807/807 946/810/810 949/811/811 948/808/808
f 947/809/809 948/808/808 951/812/812 950/813/813
f 948/808/808 949/811/811 952/814/814 951/812/812
f 46/755/755 331/781/781 944/806/806 376/815/815
f 331/781/781 330/780/780 945/807/807 944/806/806
f 330/780/780 329/779/779 946/810/810 945/807/807
f 329/779/779 45/676/676 371/816/816 946/810/810
f 946/810/810 371/816/816 372/817/817 949/811/811
f 949/811/811 372/817/817 373/818/818 952/814/814
f 952/814/814 373/818/818 49/791/791 353/819/819
f 951/812/812 952/814/814 353/819/819 354/820/820
f 950/813/813 951/812/812 354/820/820 355/821/821
f 374/822/822 950/813/813 355/821/821 50/823/823
f 375/824/824 947/809/809 950/813/813 374/822/822
f 376/815/815 944/806/806 947/809/809 375/824/824
f 953/825/825 954/826/826 957/827/827 956/828/828
f 954/826/826 955/829/829 958/830/830 957/827/827
f 956/828/828 957/827/827 960/831/831 959/832/832
f 957/827/827 958/830/830 961/833/833 960/831/831
f 45/676/676 340/674/674 953/825/825 371/816/816
f 340/674/674 339/673/673 954/826/826 953/825/825
f 339/673/673 338/672/672 955/829/829 954/826/826
f 338/672/672 47/671/671 370/728/728 955/829/829
f 955/829/829 370/728/728 369/741/741 958/830/830
f 958/830/830 369/741/741 368/739/739 961/833/833
f 961/833/833 368/739/739 51/740/740 362/795/795
f 960/831/831 961/833/833 362/795/795 363/794/794
f 959/832/832 960/831/831 363/794/794 364/792/792
f 373/818/818 959/832/832 364/792/792 49/791/791
f 372/817/817 956/828/828 959/832/832 373/818/818
f 371/816/816 953/825/825 956/828/828 372/817/817
f 962/834/834 963/835/835 966/836/836 965/837/837
f 963/835/835 964/838/838 967/839/839 966/836/836
f 965/837/837 966/836/836 969/840/840 968/841/841
f 966/836/836 967/839/839 970/842/842 969/840/840
f 48/731/731 334/758/758 962/834/834 365/732/732
f 334/758/758 333/757/757 963/835/835 962/834/834
f 333/757/757 332/756/756 964/838/838 963/835/835
f 332/756/756 46/755/755 376/815/815 964/838/838
f 964/838/838 376/815/815 375/824/824 967/839/839
f 967/839/839 375/824/824 374/822/822 970/842/842
f 970/842/842 374/822/822 50/823/823 356/843/843
f 969/840/840 970/842/842 356/843/843 357/844/844
f 968/841/841 969/840/840 357/844/844 358/845/845
f 367/734/734 968/841/841 358/845/845 52/735/735
f 366/733/733 965/837/837 968/841/841 367/734/734
f 365/732/732 962/834/834 965/837/837 366/733/733
f 971/846/846 972/847/847 975/848/848 974/849/849
f 972/847/847 973/850/850 976/851/851 975/848/848
f 974/849/849 975/848/848 978/852/852 977/853/853
f 975/848/848 976/851/851 979/854/854 978/852/852
f 56/855/855 382/856/856 971/846/846 418/857/857
f 382/856/856 381/858/858 972/847/847 971/846/846
f 381/858/858 380/859/859 973/850/850 972/847/847
f 380/859/859 54/860/860 413/861/861 973/850/850
f 973/850/850 413/861/861 414/862/862 976/851/851
f 976/851/851 414/862/862 415/863/863 979/854/854
f 979/854/854 415/863/863 58/864/864 404/865/865
f 978/852/852 979/854/854 404/865/865 405/866/866
f 977/853/853 978/852/852 405/866/866 406/867/867
f 416/868/868 977/853/853 406/867/867 60/869/869
f 417/870/870 974/849/849 977/853/853 416/868/868
f 418/857/857 971/846/846 974/849/849 417/870/870
f 980/871/871 981/872/872 984/873/873 983/874/874
f 981/872/872 982/875/875 985/876/876 984/873/873
f 983/874/874 984/873/873 987/877/877 986/878/878
f 984/873/873 985/876/876 988/879/879 987/877/877
f 52/735/735 358/845/845 980/871/871 400/880/880
f 358/845/845 357/844/844 981/872/872 980/871/871
f 357/844/844 356/843/843 982/875/875 981/872/872
f 356/843/843 50/823/823 395/881/881 982/875/875
f 982/875/875 395/881/881 396/882/882 985/876/876
f 985/876/876 396/882/882 397/883/883 988/879/879
f 988/879/879 397/883/883 54/860/860 380/859/859
f 987/877/877 988/879/879 380/859/859 381/858/858
f 986/878/878 987/877/877 381/858/858 382/856/856
f 398/884/884 986/878/878 382/856/856 56/855/855
f 399/885/885 983/874/874 986/878/878 398/884/884
f 400/880/880 980/871/871 983/874/874 399/885/885
f 989/886/886 990/887/887 993/888/888 992/889/889
f 990/887/887 991/890/890 994/891/891 993/888/888
f 992/889/889 993/888/888 996/892/892 995/893/893
f 993/888/888 994/891/891 997/894/894 996/892/892
f 51/740/740 361/738/738 989/886/886 389/796/796
f 361/738/738 360/737/737 990/887/887 989/886/886
f 360/737/737 359/736/736 991/890/890 990/887/887
f 359/736/736 52/735/735 400/880/880 991/890/890
f 991/890/890 400/880/880 399/885/885 994/891/891
f 994/891/891 399/885/885 398/884/884 997/894/894
f 997/894/894 398/884/884 56/855/855 383/895/895
f 996/892/892 997/894/894 383/895/895 384/896/896
f 995/893/893 996/892/892 384/896/896 385/897/897
f 391/798/798 995/893/893 385/897/897 55/799/799
f 390/797/797 992/889/889 995/893/893 391/798/798
f 389/796/796 989/886/886 992/889/889 390/797/797
f 998/898/898 999/899/899 1002/900/900 1001/901/901
f 999/899/899 1000/902/902 1003/903/903 1002/900/900
f 1001/901/901 1002/900/900 1005/904/904 1004/905/905
f 1002/900/900 1003/903/903 1006/906/906 1005/904/904
f 50/823/823 355/821/821 998/898/898 395/881/881
f 355/821/821 354/820/820 999/899/899 998/898/898
f 354/820/820 353/819/819 1000/902/902 999/899/899
f 353/819/819 49/791/791 394/793/793 1000/902/902
f 1000/902/902 394/793/793 393/805/805 1003/903/903
f 1003/903/903 393/805/805 392/803/803 1006/906/906
f 1006/906/906 392/803/803 53/804/804 377/907/907
f 1005/904/904 1006/906/906 377/907/907 378/908/908
f 1004/905/905 1005/904/904 378/908/908 379/909/909
f 397/883/883 1004/905/905 379/909/909 54/860/860
f 396/882/882 1001/901/901 1004/905/905 397/883/883
f 395/881/881 998/898/898 1001/901/901 396/882/882
f 1007/910/910 1008/911/911 1011/912/912 1010/913/913
f 1008/911/911 1009/914/914 1012/915/915 1011/912/912
f 1010/913/913 1011/912/912 1014/916/916 1013/917/917
f 1011/912/912 1012/915/915 1015/918/918 1014/916/916
f 59/919/919 409/920/920 1007/910/910 442/921/921
f 409/920/920 408/922/922 1008/911/911 1007/910/910
f 408/922/922 407/923/923 1009/914/914 1008/911/911
f 407/923/923 60/869/869 437/924/924 1009/914/914
f 1009/914/914 437/924/924 438/925/925 1012/915/915
f 1012/915/915 438/925/925 439/926/926 1015/918/918
f 1015/918/918 439/926/926 64/927/927 431/928/928
f 1014/916/916 1015/918/918 431/928/928 432/929/929
f 1013/917/917 1014/916/916 432/929/929 433/930/930
f 440/931/931 1013/917/917 433/930/930 63/932/932
f 441/933/933 1010/913/913 1013/917/917 440/931/931
f 442/921/921 1007/910/910 1010/913/913 441/933/933
f 1016/934/934 1017/935/935 1020/936/936 1019/937/937
f 1017/935/935 1018/938/938 1021/939/939 1020/936/936
f 1019/937/937 1020/936/936 1023/940/940 1022/941/941
f 1020/936/936 1021/939/939 1024/942/942 1023/940/940
f 55/799/799 385/897/897 1016/934/934 421/943/943
f 385/897/897 384/896/896 1017/935/935 1016/934/934
f 384/896/896 383/895/895 1018/938/938 1017/935/935
f 383/895/895 56/855/855 418/857/857 1018/938/938
f 1018/938/938 418/857/857 417/870/870 1021/939/939
f 1021/939/939 417/870/870 416/868/868 1024/942/942
f 1024/942/942 416/868/868 60/869/869 407/923/923
f 1023/940/940 1024/942/942 407/923/923 408/922/922
f 1022/941/941 1023/940/940 408/922/922 409/920/920
f 419/944/944 1022/941/941 409/920/920 59/919/919
f 420/945/945 1019/937/937 1022/941/941 419/944/944
f 421/943/943 1016/934/934 1019/937/937 420/945/945
f 1025/946/946 1026/947/947 1029/948/948 1028/949/949
f 1026/947/947 1027/950/950 1030/951/951 1029/948/948
f 1028/949/949 1029/948/948 1032/952/952 1031/953/953
f 1029/948/948 1030/951/951 1033/954/954 1032/952/952
f 54/860/860 379/909/909 1025/946/946 413/861/861
f 379/909/909 378/908/908 1026/947/947 1025/946/946
f 378/908/908 377/907/907 1027/950/950 1026/947/947
f 377/907/907 53/804/804 422/955/955 1027/950/950
f 1027/950/950 422/955/955 423/956/956 1030/951/951
f 1030/951/951 423/956/956 424/957/957 1033/954/954
f 1033/954/954 424/957/957 57/958/958 401/959/959
f 1032/952/952 1033/954/954 401/959/959 402/960/960
f 1031/953/953 1032/952/952 402/960/960 403/961/961
f 415/863/863 1031/953/953 403/961/961 58/864/864
f 414/862/862 1028/949/949 1031/953/953 415/863/863
f 413/861/861 1025/946/946 1028/949/949 414/862/862
f 1034/962/962 1035/963/963 1038/964/964 1037/965/965
f 1035/963/963 1036/966/966 1039/967/967 1038/964/964
f 1037/965/965 1038/964/964 1041/968/968 1040/969/969
f 1038/964/964 1039/967/967 1042/970/970 1041/968/968
f 53/804/804 388/802/802 1034/962/962 422/955/955
f 388/802/802 387/801/801 1035/963/963 1034/962/962
f 387/801/801 386/800/800 1036/966/966 1035/963/963
f 386/800/800 55/799/799 421/943/943 1036/966/966
f 1036/966/966 421/943/943 420/945/945 1039/967/967
f 1039/967/967 420/945/945 419/944/944 1042/970/970
f 1042/970/970 419/944/944 59/919/919 410/971/971
f 1041/968/968 1042/970/970 410/971/971 411/972/972
f 1040/969/969 1041/968/968 411/972/972 412/973/973
f 424/957/957 1040/969/969 412/973/973 57/958/958
f 423/956/956 1037/965/965 1040/969/969 424/957/957
f 422/955/955 1034/962/962 1037/965/965 423/956/956
f 1043/974/974 1044/975/975 1047/976/976 1046/977/977
f 1044/975/975 1045/978/978 1048/979/979 1047/976/976
f 1046/977/977 1047/976/976 1050/980/980 1049/981/981
f 1047/976/976 1048/979/979 1051/982/982 1050/980/980
f 61/983/983 436/984/984 1043/974/974 466/985/985
f 436/984/984 435/986/986 1044/975/975 1043/974/974
f 435/986/986 434/987/987 1045/978/978 1044/975/975
f 434/987/987 63/932/932 461/988/988 1045/978/978
f 1045/978/978 461/988/988 462/989/989 1048/979/979
f 1048/979/979 462/989/989 463/990/990 1051/982/982
f 1051/982/982 463/990/990 67/991/991 458/992/992
f 1050/980/980 1051/982/982 458/992/992 459/993/993
f 1049/981/981 1050/980/980 459/993/993 460/994/994
f 464/995/995 1049/981/981 460/994/994 65/996/996
f 465/997/997 1046/977/977 1049/981/981 464/995/995
f 466/985/985 1043/974/974 1046/977/977 465/997/997
f 1052/998/998 1053/999/999 1056/1000/1000 1055/1001/1001
f 1053/999/999 1054/1002/1002 1057/1003/1003 1056/1000/1000
f 1055/1001/1001 1056/1000/1000 1059/1004/1004 1058/1005/1005
f 1056/1000/1000 1057/1003/1003 1060/1006/1006 1059/1004/1004
f 58/864/864 403/961/961 1052/998/998 448/1007/1007
f 403/961/961 402/960/960 1053/999/999 1052/998/998
f 402/960/960 401/959/959 1054/1002/1002 1053/999/999
f 401/959/959 57/958/958 443/1008/1008 1054/1002/1002
f 1054/1002/1002 443/1008/1008 444/1009/1009 1057/1003/1003
f 1057/1003/1003 444/1009/1009 445/1010/1010 1060/1006/1006
f 1060/1006/1006 445/1010/1010 61/983/983 425/1011/1011
f 1059/1004/1004 1060/1006/1006 425/1011/1011 426/1012/1012
f 1058/1005/1005 1059/1004/1004 426/1012/1012 427/1013/1013
f 446/1014/1014 1058/1005/1005 427/1013/1013 62/1015/1015
f 447/1016/1016 1055/1001/1001 1058/1005/1005 446/1014/1014
f 448/1007/1007 1052/998/998 1055/1001/1001 447/1016/1016
f 1061/1017/1017 1062/1018/1018 1065/1019/1019 1064/1020/1020
f 1062/1018/1018 1063/1021/1021 1066/1022/1022 1065/1019/1019
f 1064/1020/1020 1065/1019/1019 1068/1023/1023 1067/1024/1024
f 1065/1019/1019 1066/1022/1022 1069/1025/1025 1068/1023/1023
f 57/958/958 412/973/973 1061/1017/1017 443/1008/1008
f 412/973/973 411/972/972 1062/1018/1018 1061/1017/1017
f 411/972/972 410/971/971 1063/1021/1021 1062/1018/1018
f 410/971/971 59/919/919 442/921/921 1063/1021/1021
f 1063/1021/1021 442/921/921 441/933/933 1066/1022/1022
f 1066/1022/1022 441/933/933 440/931/931 1069/1025/1025
f 1069/1025/1025 440/931/931 63/932/932 434/987/987
f 1068/1023/1023 1069/1025/1025 434/987/987 435/986/986
f 1067/1024/1024 1068/1023/1023 435/986/986 436/984/984
f 445/1010/1010 1067/1024/1024 436/984/984 61/983/983
f 444/1009/1009 1064/1020/1020 1067/1024/1024 445/1010/1010
f 443/1008/1008 1061/1017/1017 1064/1020/1020 444/1009/1009
f 1070/1026/1026 1071/1027/1027 1074/1028/1028 1073/1029/1029
f 1071/1027/1027 1072/1030/1030 1075/1031/1031 1074/1028/1028
f 1073/1029/1029 1074/1028/1028 1077/1032/1032 1076/1033/1033
f 1074/1028/1028 1075/1031/1031 1078/1034/1034 1077/1032/1032
f 60/869/869 406/867/867 1070/1026/1026 437/924/924
f 406/867/867 405/866/866 1071/1027/1027 1070/1026/1026
f 405/866/866 404/865/865 1072/1030/1030 1071/1027/1027
f 404/865/865 58/864/864 448/1007/1007 1072/1030/1030
f 1072/1030/1030 448/1007/1007 447/1016/1016 1075/1031/1031
f 1075/1031/1031 447/1016/1016 446/1014/1014 1078/1034/1034
f 1078/1034/1034 446/1014/1014 62/1015/1015 428/1035/1035
f 1077/1032/1032 1078/1034/1034 428/1035/1035 429/1036/1036
f 1076/1033/1033 1077/1032/1032 429/1036/1036 430/1037/1037
f 439/926/926 1076/1033/1033 430/1037/1037 64/927/927
f 438/925/925 1073/1029/1029 1076/1033/1033 439/926/926
f 437/924/924 1070/1026/1026 1073/1029/1029 438/925/925
f 1079/1038/1038 1080/1039/1039 1083/1040/1040 1082/1041/1041
f 1080/1039/1039 1081/1042/1042 1084/1043/1043 1083/1040/1040
f 1082/1041/1041 1083/1040/1040 1086/1044/1044 1085/1045/1045
f 1083/1040/1040 1084/1043/1043 1087/1046/1046 1086/1044/1044
f 68/1047/1047 454/1048/1048 1079/1038/1038 455/1049/1049
f 454/1048/1048 453/1050/1050 1080/1039/1039 1079/1038/1038
f 453/1050/1050 452/1051/1051 1081/1042/1042 1080/1039/1039
f 452/1051/1051 66/1052/1052 451/1053/1053 1081/1042/1042
f 1081/1042/1042 451/1053/1053 450/1054/1054 1084/1043/1043
f 1084/1043/1043 450/1054/1054 449/1055/1055 1087/1046/1046
f 1087/1046/1046 449/1055/1055 65/996/996 460/994/994
f 1086/1044/1044 1087/1046/1046 460/994/994 459/993/993
f 1085/1045/1045 1086/1044/1044 459/993/993 458/992/992
f 457/1056/1056 1085/1045/1045 458/992/992 67/991/991
f 456/1057/1057 1082/1041/1041 1085/1045/1045 457/1056/1056
f 455/1049/1049 1079/1038/1038 1082/1041/1041 456/1057/1057
f 1088/1058/1058 1089/1059/1059 1092/1060/1060 1091/1061/1061
f 1089/1059/1059 1090/1062/1062 1093/1063/1063 1092/1060/1060
f 1091/1061/1061 1092/1060/1060 1095/1064/1064 1094/1065/1065
f 1092/1060/1060 1093/1063/1063 1096/1066/1066 1095/1064/1064
f 64/927/927 430/1037/1037 1088/1058/1058 472/1067/1067
f 430/1037/1037 429/1036/1036 1089/1059/1059 1088/1058/1058
f 429/1036/1036 428/1035/1035 1090/1062/1062 1089/1059/1059
f 428/1035/1035 62/1015/1015 467/1068/1068 1090/1062/1062
f 1090/1062/1062 467/1068/1068 468/1069/1069 1093/1063/1063
f 1093/1063/1063 468/1069/1069 469/1070/1070 1096/1066/1066
f 1096/1066/1066 469/1070/1070 66/1052/1052 452/1051/1051
f 1095/1064/1064 1096/1066/1066 452/1051/1051 453/1050/1050
f 1094/1065/1065 1095/1064/1064 453/1050/1050 454/1048/1048
f 470/1071/1071 1094/1065/1065 454/1048/1048 68/1047/1047
f 471/1072/1072 1091/1061/1061 1094/1065/1065 470/1071/1071
f 472/1067/1067 1088/1058/1058 1091/1061/1061 471/1072/1072
f 1097/1073/1073 1098/1074/1074 1101/1075/1075 1100/1076/1076
f 1098/1074/1074 1099/1077/1077 1102/1078/1078 1101/1075/1075
f 1100/1076/1076 1101/1075/1075 1104/1079/1079 1103/1080/1080
f 1101/1075/1075 1102/1078/1078 1105/1081/1081 1104/1079/1079
f 63/932/932 433/930/930 1097/1073/1073 461/988/988
f 433/930/930 432/929/929 1098/1074/1074 1097/1073/1073
f 432/929/929 431/928/928 1099/1077/1077 1098/1074/1074
f 431/928/928 64/927/927 472/1067/1067 1099/1077/1077
f 1099/1077/1077 472/1067/1067 471/1072/1072 1102/1078/1078
f 1102/1078/1078 471/1072/1072 470/1071/1071 1105/1081/1081
f 1105/1081/1081 470/1071/1071 68/1047/1047 455/1049/1049
f 1104/1079/1079 1105/1081/1081 455/1049/1049 456/1057/1057
f 1103/1080/1080 1104/1079/1079 456/1057/1057 457/1056/1056
f 463/990/990 1103/1080/1080 457/1056/1056 67/991/991
f 462/989/989 1100/1076/1076 1103/1080/1080 463/990/990
f 461/988/988 1097/1073/1073 1100/1076/1076 462/989/989
f 1106/1082/1082 1107/1083/1083 1110/1084/1084 1109/1085/1085
f 1107/1083/1083 1108/1086/1086 1111/1087/1087 1110/1084/1084
f 1109/1085/1085 1110/1084/1084 1113/1088/1088 1112/1089/1089
f 1110/1084/1084 1111/1087/1087 1114/1090/1090 1113/1088/1088
f 62/1015/1015 427/1013/1013 1106/1082/1082 467/1068/1068
f 427/1013/1013 426/1012/1012 1107/1083/1083 1106/1082/1082
f 426/1012/1012 425/1011/1011 1108/1086/1086 1107/1083/1083
f 425/1011/1011 61/983/983 466/985/985 1108/1086/1086
f 1108/1086/1086 466/985/985 465/997/997 1111/1087/1087
f 1111/1087/1087 465/997/997 464/995/995 1114/1090/1090
f 1114/1090/1090 464/995/995 65/996/996 449/1055/1055
f 1113/1088/1088 1114/1090/1090 449/1055/1055 450/1054/1054
f 1112/1089/1089 1113/1088/1088 450/1054/1054 451/1053/1053
f 469/1070/1070 1112/1089/1089 451/1053/1053 66/1052/1052
f 468/1069/1069 1109/1085/1085 1112/1089/1089 469/1070/1070
f 467/1068/1068 1106/1082/1082 1109/1085/1085 468/1069/1069
f 1115/1091/1091 1116/1092/1092 1119/1093/1093 1118/1094/1094
f 1116/1092/1092 1117/1095/1095 1120/1096/1096 1119/1093/1093
f 1118/1094/1094 1119/1093/1093 1122/1097/1097 1121/1098/1098
f 1119/1093/1093 1120/1096/1096 1123/1099/1099 1122/1097/1097
f 25/336/336 211/334/334 1115/1091/1091 473/1100/1100
f 211/334/334 210/333/333 1116/1092/1092 1115/1091/1091
f 210/333/333 209/332/332 1117/1095/1095 1116/1092/1092
f 209/332/332 26/331/331 256/1101/1101 1117/1095/1095
f 1117/1095/1095 256/1101/1101 255/1102/1102 1120/1096/1096
f 1120/1096/1096 255/1102/1102 254/1103/1103 1123/1099/1099
f 1123/1099/1099 254/1103/1103 72/491/491 485/525/525
f 1122/1097/1097 1123/1099/1099 485/525/525 486/524/524
f 1121/1098/1098 1122/1097/1097 486/524/524 487/523/523
f 475/1104/1104 1121/1098/1098 487/523/523 69/396/396
f 474/1105/1105 1118/1094/1094 1121/1098/1098 475/1104/1104
f 473/1100/1100 1115/1091/1091 1118/1094/1094 474/1105/1105
f 1124/1106/1106 1125/1107/1107 1128/1108/1108 1127/1109/1109
f 1125/1107/1107 1126/1110/1110 1129/1111/1111 1128/1108/1108
f 1127/1109/1109 1128/1108/1108 1131/1112/1112 1130/1113/1113
f 1128/1108/1108 1129/1111/1111 1132/1114/1114 1131/1112/1112
f 28/443/443 217/461/461 1124/1106/1106 479/1115/1115
f 217/461/461 216/460/460 1125/1107/1107 1124/1106/1106
f 216/460/460 215/459/459 1126/1110/1110 1125/1107/1107
f 215/459/459 27/425/425 250/1116/1116 1126/1110/1110
f 1126/1110/1110 250/1116/1116 249/1117/1117 1129/1111/1111
f 1129/1111/1111 249/1117/1117 248/1118/1118 1132/1114/1114
f 1132/1114/1114 248/1118/1118 70/391/391 488/513/513
f 1131/1112/1112 1132/1114/1114 488/513/513 489/512/512
f 1130/1113/1113 1131/1112/1112 489/512/512 490/511/511
f 481/1119/1119 1130/1113/1113 490/511/511 71/496/496
f 480/1120/1120 1127/1109/1109 1130/1113/1113 481/1119/1119
f 479/1115/1115 1124/1106/1106 1127/1109/1109 480/1120/1120
f 1133/1121/1121 1134/1122/1122 1137/1123/1123 1136/1124/1124
f 1134/1122/1122 1135/1125/1125 1138/1126/1126 1137/1123/1123
f 1136/1124/1124 1137/1123/1123 1140/1127/1127 1139/1128/1128
f 1137/1123/1123 1138/1126/1126 1141/1129/1129 1140/1127/1127
f 26/331/331 214/446/446 1133/1121/1121 256/1101/1101
f 214/446/446 213/445/445 1134/1122/1122 1133/1121/1121
f 213/445/445 212/444/444 1135/1125/1125 1134/1122/1122
f 212/444/444 28/443/443 479/1115/1115 1135/1125/1125
f 1135/1125/1125 479/1115/1115 480/1120/1120 1138/1126/1126
f 1138/1126/1126 480/1120/1120 481/1119/1119 1141/1129/1129
f 1141/1129/1129 481/1119/1119 71/496/496 491/495/495
f 1140/1127/1127 1141/1129/1129 491/495/495 492/494/494
f 1139/1128/1128 1140/1127/1127 492/494/494 493/492/492
f 254/1103/1103 1139/1128/1128 493/492/492 72/491/491
f 255/1102/1102 1136/1124/1124 1139/1128/1128 254/1103/1103
f 256/1101/1101 1133/1121/1121 1136/1124/1124 255/1102/1102
f 1142/1130/1130 1143/1131/1131 1146/1132/1132 1145/1133/1133
f 1143/1131/1131 1144/1134/1134 1147/1135/1135 1146/1132/1132
f 1145/1133/1133 1146/1132/1132 1149/1136/1136 1148/1137/1137
f 1146/1132/1132 1147/1135/1135 1150/1138/1138 1149/1136/1136
f 27/425/425 220/423/423 1142/1130/1130 250/1116/1116
f 220/423/423 219/422/422 1143/1131/1131 1142/1130/1130
f 219/422/422 218/421/421 1144/1134/1134 1143/1131/1131
f 218/421/421 25/336/336 473/1100/1100 1144/1134/1134
f 1144/1134/1134 473/1100/1100 474/1105/1105 1147/1135/1135
f 1147/1135/1135 474/1105/1105 475/1104/1104 1150/1138/1138
f 1150/1138/1138 475/1104/1104 69/396/396 494/395/395
f 1149/1136/1136 1150/1138/1138 494/395/395 495/394/394
f 1148/1137/1137 1149/1136/1136 495/394/394 496/392/392
f 248/1118/1118 1148/1137/1137 496/392/392 70/391/391
f 249/1117/1117 1145/1133/1133 1148/1137/1137 248/1118/1118
f 250/1116/1116 1142/1130/1130 1145/1133/1133 249/1117/1117
f 1151/1139/1139 1152/1140/1140 1155/1141/1141 1154/1142/1142
f 1152/1140/1140 1153/1143/1143 1156/1144/1144 1155/1141/1141
f 1154/1142/1142 1155/1141/1141 1158/1145/1145 1157/1146/1146
f 1155/1141/1141 1156/1144/1144 1159/1147/1147 1158/1145/1145
f 24/271/271 193/269/269 1151/1139/1139 506/1148/1148
f 193/269/269 192/268/268 1152/1140/1140 1151/1139/1139
f 192/268/268 191/267/267 1153/1143/1143 1152/1140/1140
f 191/267/267 23/266/266 229/1149/1149 1153/1143/1143
f 1153/1143/1143 229/1149/1149 228/1150/1150 1156/1144/1144
f 1156/1144/1144 228/1150/1150 227/1151/1151 1159/1147/1147
f 1159/1147/1147 227/1151/1151 75/416/416 509/458/458
f 1158/1145/1145 1159/1147/1147 509/458/458 510/457/457
f 1157/1146/1146 1158/1145/1145 510/457/457 511/456/456
f 508/1152/1152 1157/1146/1146 511/456/456 76/439/439
f 507/1153/1153 1154/1142/1142 1157/1146/1146 508/1152/1152
f 506/1148/1148 1151/1139/1139 1154/1142/1142 507/1153/1153
f 1160/1154/1154 1161/1155/1155 1164/1156/1156 1163/1157/1157
f 1161/1155/1155 1162/1158/1158 1165/1159/1159 1164/1156/1156
f 1163/1157/1157 1164/1156/1156 1167/1160/1160 1166/1161/1161
f 1164/1156/1156 1165/1159/1159 1168/1162/1162 1167/1160/1160
f 22/351/351 190/381/381 1160/1154/1154 497/1163/1163
f 190/381/381 189/380/380 1161/1155/1155 1160/1154/1154
f 189/380/380 188/379/379 1162/1158/1158 1161/1155/1155
f 188/379/379 24/271/271 506/1148/1148 1162/1158/1158
f 1162/1158/1158 506/1148/1148 507/1153/1153 1165/1159/1159
f 1165/1159/1159 507/1153/1153 508/1152/1152 1168/1162/1162
f 1168/1162/1162 508/1152/1152 76/439/439 512/438/438
f 1167/1160/1160 1168/1162/1162 512/438/438 513/437/437
f 1166/1161/1161 1167/1160/1160 513/437/437 514/436/436
f 499/1164/1164 1166/1161/1161 514/436/436 73/327/327
f 498/1165/1165 1163/1157/1157 1166/1161/1161 499/1164/1164
f 497/1163/1163 1160/1154/1154 1163/1157/1157 498/1165/1165
f 1169/1166/1166 1170/1167/1167 1173/1168/1168 1172/1169/1169
f 1170/1167/1167 1171/1170/1170 1174/1171/1171 1173/1168/1168
f 1172/1169/1169 1173/1168/1168 1176/1172/1172 1175/1173/1173
f 1173/1168/1168 1174/1171/1171 1177/1174/1174 1176/1172/1172
f 23/266/266 196/369/369 1169/1166/1166 229/1149/1149
f 196/369/369 195/368/368 1170/1167/1167 1169/1166/1166
f 195/368/368 194/367/367 1171/1170/1170 1170/1167/1167
f 194/367/367 21/356/356 226/1175/1175 1171/1170/1170
f 1171/1170/1170 226/1175/1175 225/1176/1176 1174/1171/1171
f 1174/1171/1171 225/1176/1176 224/1177/1177 1177/1174/1174
f 1177/1174/1174 224/1177/1177 74/322/322 515/420/420
f 1176/1172/1172 1177/1174/1174 515/420/420 516/419/419
f 1175/1173/1173 1176/1172/1172 516/419/419 517/417/417
f 227/1151/1151 1175/1173/1173 517/417/417 75/416/416
f 228/1150/1150 1172/1169/1169 1175/1173/1173 227/1151/1151
f 229/1149/1149 1169/1166/1166 1172/1169/1169 228/1150/1150
f 1178/1178/1178 1179/1179/1179 1182/1180/1180 1181/1181/1181
f 1179/1179/1179 1180/1182/1182 1183/1183/1183 1182/1180/1180
f 1181/1181/1181 1182/1180/1180 1185/1184/1184 1184/1185/1185
f 1182/1180/1180 1183/1183/1183 1186/1186/1186 1185/1184/1184
f 21/356/356 187/354/354 1178/1178/1178 226/1175/1175
f 187/354/354 186/353/353 1179/1179/1179 1178/1178/1178
f 186/353/353 185/352/352 1180/1182/1182 1179/1179/1179
f 185/352/352 22/351/351 497/1163/1163 1180/1182/1182
f 1180/1182/1182 497/1163/1163 498/1165/1165 1183/1183/1183
f 1183/1183/1183 498/1165/1165 499/1164/1164 1186/1186/1186
f 1186/1186/1186 499/1164/1164 73/327/327 518/326/326
f 1185/1184/1184 1186/1186/1186 518/326/326 519/325/325
f 1184/1185/1185 1185/1184/1184 519/325/325 520/323/323
f 224/1177/1177 1184/1185/1185 520/323/323 74/322/322
f 225/1176/1176 1181/1181/1181 1184/1185/1185 224/1177/1177
f 226/1175/1175 1178/1178/1178 1181/1181/1181 225/1176/1176
